-- MySQL dump 10.13  Distrib 8.0.42, for macos15 (x86_64)
--
-- Host: 172.22.0.201    Database: Grupo05
-- ------------------------------------------------------
-- Server version	5.5.5-10.5.26-MariaDB-0+deb11u2

/*!40101 SET @OLD_CHARACTER_SET_CLIENT=@@CHARACTER_SET_CLIENT */;
/*!40101 SET @OLD_CHARACTER_SET_RESULTS=@@CHARACTER_SET_RESULTS */;
/*!40101 SET @OLD_COLLATION_CONNECTION=@@COLLATION_CONNECTION */;
/*!50503 SET NAMES utf8 */;
/*!40103 SET @OLD_TIME_ZONE=@@TIME_ZONE */;
/*!40103 SET TIME_ZONE='+00:00' */;
/*!40014 SET @OLD_UNIQUE_CHECKS=@@UNIQUE_CHECKS, UNIQUE_CHECKS=0 */;
/*!40014 SET @OLD_FOREIGN_KEY_CHECKS=@@FOREIGN_KEY_CHECKS, FOREIGN_KEY_CHECKS=0 */;
/*!40101 SET @OLD_SQL_MODE=@@SQL_MODE, SQL_MODE='NO_AUTO_VALUE_ON_ZERO' */;
/*!40111 SET @OLD_SQL_NOTES=@@SQL_NOTES, SQL_NOTES=0 */;

--
-- Table structure for table `energy_consumptions`
--

DROP TABLE IF EXISTS `energy_consumptions`;
/*!40101 SET @saved_cs_client     = @@character_set_client */;
/*!50503 SET character_set_client = utf8mb4 */;
CREATE TABLE `energy_consumptions` (
  `id_consumption` int(11) NOT NULL AUTO_INCREMENT,
  `value` decimal(8,2) NOT NULL,
  `date` datetime NOT NULL,
  `id_housing` int(11) NOT NULL,
  PRIMARY KEY (`id_consumption`),
  UNIQUE KEY `id_consumption_UNIQUE` (`id_consumption`),
  KEY `fk_equip_idx` (`id_housing`),
  CONSTRAINT `fk_energy_consumptions_id_housing` FOREIGN KEY (`id_housing`) REFERENCES `housings` (`id_housing`) ON DELETE CASCADE
) ENGINE=InnoDB AUTO_INCREMENT=614 DEFAULT CHARSET=utf8 COLLATE=utf8_general_ci;
/*!40101 SET character_set_client = @saved_cs_client */;

--
-- Dumping data for table `energy_consumptions`
--

LOCK TABLES `energy_consumptions` WRITE;
/*!40000 ALTER TABLE `energy_consumptions` DISABLE KEYS */;
INSERT INTO `energy_consumptions` VALUES (13,0.15,'2025-04-16 10:56:58',20),(14,1.25,'2025-04-16 11:56:58',20),(15,1.65,'2025-04-16 12:56:58',20),(16,1.75,'2025-04-16 13:56:58',20),(17,1.85,'2025-04-16 14:56:58',20),(18,1.74,'2025-04-16 15:56:58',20),(19,1.68,'2025-04-16 16:56:58',20),(20,1.45,'2025-04-16 17:56:58',20),(21,1.35,'2025-04-16 18:56:58',20),(22,1.52,'2025-04-16 19:56:58',20),(23,1.41,'2025-04-16 10:56:58',21),(24,1.25,'2025-04-16 11:56:58',21),(25,2.00,'2025-04-16 12:56:58',21),(26,1.32,'2025-04-16 13:56:58',21),(27,1.66,'2025-04-16 14:56:58',21),(28,2.00,'2025-04-16 15:56:58',21),(29,1.11,'2025-04-16 16:56:58',21),(30,1.25,'2025-04-16 17:56:58',21),(31,0.47,'2025-04-16 18:56:58',21),(32,0.99,'2025-04-16 19:56:58',21),(53,1.85,'2025-04-16 10:56:58',24),(54,1.05,'2025-04-16 11:56:58',24),(55,1.03,'2025-04-16 12:56:58',24),(56,1.11,'2025-04-16 13:56:58',24),(57,1.62,'2025-04-16 14:56:58',24),(58,1.32,'2025-04-16 15:56:58',24),(59,1.32,'2025-04-16 16:56:58',24),(60,1.02,'2025-04-16 17:56:58',24),(61,0.88,'2025-04-16 18:56:58',24),(62,0.42,'2025-04-16 19:56:58',24),(63,0.65,'2025-04-16 10:56:58',25),(64,0.75,'2025-04-16 11:56:58',25),(65,0.96,'2025-04-16 12:56:58',25),(66,0.85,'2025-04-16 13:56:58',25),(67,0.56,'2025-04-16 14:56:58',25),(68,1.00,'2025-04-16 15:56:58',25),(69,1.10,'2025-04-16 16:56:58',25),(70,0.95,'2025-04-16 17:56:58',25),(71,0.26,'2025-04-16 18:56:58',25),(72,0.52,'2025-04-16 19:56:58',25),(73,0.74,'2025-04-16 10:56:58',26),(74,0.14,'2025-04-16 11:56:58',26),(75,0.36,'2025-04-16 12:56:58',26),(76,0.65,'2025-04-16 13:56:58',26),(77,0.85,'2025-04-16 14:56:58',26),(78,1.36,'2025-04-16 15:56:58',26),(79,1.02,'2025-04-16 16:56:58',26),(80,1.12,'2025-04-16 17:56:58',26),(81,1.11,'2025-04-16 18:56:58',26),(82,1.45,'2025-04-16 19:56:58',26),(83,1.32,'2025-04-16 10:56:58',27),(84,1.25,'2025-04-16 11:56:58',27),(85,1.35,'2025-04-16 12:56:58',27),(86,0.99,'2025-04-16 13:56:58',27),(87,0.36,'2025-04-16 14:56:58',27),(88,0.44,'2025-04-16 15:56:58',27),(89,0.65,'2025-04-16 16:56:58',27),(90,0.85,'2025-04-16 17:56:58',27),(91,1.36,'2025-04-16 18:56:58',27),(92,1.11,'2025-04-16 19:56:58',27),(93,1.78,'2025-04-16 10:56:58',28),(94,1.69,'2025-04-16 11:56:58',28),(95,1.25,'2025-04-16 12:56:58',28),(96,1.35,'2025-04-16 13:56:58',28),(97,1.26,'2025-04-16 14:56:58',28),(98,1.45,'2025-04-16 15:56:58',28),(99,1.66,'2025-04-16 16:56:58',28),(100,2.08,'2025-04-16 17:56:58',28),(101,0.25,'2025-04-16 18:56:58',28),(102,0.85,'2025-04-16 19:56:58',28),(118,1.55,'2025-04-16 13:56:58',28),(119,1.33,'2025-04-16 13:56:58',28),(120,1.01,'2025-04-16 13:56:58',28),(121,1.10,'2025-04-16 13:56:58',28),(122,1.13,'2024-03-10 08:55:37',26),(123,0.57,'2024-08-15 02:31:37',26),(124,0.51,'2024-09-25 00:31:37',26),(125,0.57,'2024-10-30 15:22:37',26),(126,0.49,'2024-10-23 05:31:37',26),(127,0.44,'2023-07-12 03:06:37',26),(128,0.36,'2024-09-18 02:16:37',26),(129,2.97,'2025-03-27 17:38:37',26),(130,1.89,'2024-03-31 20:06:37',26),(131,0.23,'2025-03-30 02:38:37',26),(132,0.94,'2024-09-01 12:23:37',26),(133,0.43,'2023-12-26 10:06:37',26),(134,0.48,'2024-06-01 04:58:37',26),(135,0.52,'2024-05-15 15:14:37',26),(136,0.58,'2024-09-05 05:34:37',26),(137,1.84,'2023-10-28 18:42:37',26),(138,0.89,'2023-12-30 14:21:37',26),(139,0.89,'2024-10-08 16:22:37',26),(140,0.42,'2024-08-09 03:44:37',26),(141,0.52,'2023-06-27 01:45:37',26),(142,0.97,'2025-01-14 10:21:37',26),(143,0.45,'2024-02-12 06:35:37',26),(144,1.35,'2023-11-22 22:27:37',26),(145,0.56,'2024-05-20 15:00:37',26),(146,2.59,'2024-12-03 18:20:37',26),(147,0.56,'2024-08-09 02:54:37',26),(148,1.19,'2025-02-27 09:02:37',26),(149,0.86,'2025-04-08 10:28:37',26),(150,0.43,'2024-04-01 05:48:37',26),(151,0.39,'2023-12-24 02:51:37',26),(152,0.81,'2024-07-06 16:10:37',26),(153,0.96,'2024-01-12 16:24:37',26),(154,1.46,'2024-06-21 09:21:37',26),(155,0.41,'2024-01-26 04:30:37',26),(156,1.25,'2023-08-09 22:25:37',26),(157,2.64,'2024-07-27 17:49:37',26),(158,1.79,'2024-03-18 17:41:37',26),(159,0.45,'2023-06-15 15:09:37',26),(160,1.01,'2024-07-21 08:20:37',26),(161,1.49,'2023-12-09 22:44:37',26),(162,0.35,'2024-03-18 06:41:37',26),(163,0.87,'2024-09-25 15:58:37',26),(164,1.34,'2023-10-12 23:07:37',26),(165,0.46,'2023-12-25 01:26:37',26),(166,0.67,'2024-12-13 10:29:37',26),(167,0.46,'2024-11-21 14:16:37',26),(168,1.79,'2024-02-29 22:38:37',26),(169,0.50,'2024-10-19 06:16:37',26),(170,2.37,'2023-12-16 17:41:37',26),(171,0.31,'2024-02-29 06:58:37',26),(172,1.83,'2023-11-17 19:23:00',26),(173,0.29,'2023-03-14 04:47:00',26),(174,0.67,'2023-07-09 15:35:00',26),(175,1.28,'2024-04-02 08:02:00',26),(176,2.11,'2022-12-21 20:19:00',26),(177,0.36,'2023-09-30 05:16:00',26),(178,0.43,'2023-01-11 22:45:00',26),(179,0.55,'2024-01-07 14:03:00',26),(180,1.75,'2023-05-25 18:41:00',26),(181,1.04,'2023-10-12 07:25:00',26),(182,0.18,'2022-08-23 03:54:00',26),(183,2.37,'2024-02-15 19:58:00',26),(184,0.72,'2023-06-19 13:11:00',26),(185,0.33,'2024-05-03 23:06:00',26),(186,0.59,'2022-11-08 11:38:00',26),(187,1.92,'2022-07-30 20:00:00',26),(188,1.18,'2024-03-20 09:27:00',26),(189,0.42,'2024-05-01 00:32:00',26),(190,0.25,'2023-02-10 02:18:00',26),(191,1.61,'2023-12-28 17:36:00',26),(192,1.12,'2025-05-27 00:45:00',26),(193,1.76,'2025-05-26 07:12:00',26),(194,0.42,'2025-05-26 13:34:00',26),(195,2.48,'2025-05-26 19:03:00',26),(196,1.07,'2025-05-26 22:51:00',26),(197,1.38,'2025-05-25 05:17:00',26),(198,1.54,'2025-05-24 08:09:00',26),(199,0.65,'2025-05-24 11:46:00',26),(200,2.73,'2025-05-24 18:42:00',26),(201,0.93,'2025-05-24 22:08:00',26),(202,0.81,'2025-05-23 03:36:00',26),(203,1.33,'2025-05-22 06:50:00',26),(204,0.74,'2025-05-22 12:28:00',26),(205,2.05,'2025-05-21 19:41:00',26),(206,1.22,'2025-05-20 23:11:00',26),(207,0.59,'2025-05-19 02:25:00',26),(208,1.15,'2025-05-18 09:33:00',26),(209,0.48,'2025-05-17 14:18:00',26),(210,2.81,'2025-05-16 20:14:00',26),(211,1.39,'2025-05-15 23:57:00',26),(212,1.11,'2025-04-27 00:45:00',26),(213,1.55,'2025-04-26 07:12:00',26),(214,0.34,'2025-04-26 13:34:00',26),(215,2.22,'2025-04-26 19:03:00',26),(216,1.22,'2025-04-26 22:51:00',26),(217,1.30,'2025-04-23 05:17:00',26),(218,1.33,'2025-04-22 08:09:00',26),(219,0.56,'2025-05-01 11:46:00',26),(220,2.58,'2025-05-01 18:42:00',26),(221,0.89,'2025-05-02 22:08:00',26),(222,0.88,'2025-05-02 03:36:00',26),(223,1.31,'2025-05-03 06:50:00',26),(224,0.71,'2025-05-04 12:28:00',26),(225,2.00,'2025-05-05 19:41:00',26),(226,1.00,'2025-05-06 23:11:00',26),(227,0.54,'2025-05-07 02:25:00',26),(228,1.02,'2025-05-08 09:33:00',26),(229,0.44,'2025-05-09 14:18:00',26),(230,2.45,'2025-05-10 20:14:00',26),(231,1.23,'2025-05-10 23:57:00',26),(344,3.58,'2025-06-11 10:00:40',28),(345,3.40,'2025-06-11 10:00:50',28),(346,3.40,'2025-06-11 10:01:00',28),(347,3.40,'2025-06-11 10:01:10',28),(348,3.40,'2025-06-11 10:01:20',28),(349,3.40,'2025-06-11 10:01:30',28),(350,3.40,'2025-06-11 10:01:40',28),(351,3.58,'2025-06-11 10:01:50',28),(352,3.40,'2025-06-11 10:02:00',28),(353,3.40,'2025-06-11 10:02:10',28),(354,3.41,'2025-06-11 10:02:20',28),(355,2.33,'2025-06-11 10:03:13',28),(356,3.40,'2025-06-11 10:03:23',28),(357,3.49,'2025-06-11 10:03:33',28),(358,3.40,'2025-06-11 10:03:43',28),(359,3.41,'2025-06-11 10:03:53',28),(360,3.39,'2025-06-11 10:04:03',28),(361,3.42,'2025-06-11 10:04:13',28),(362,1.10,'2025-06-14 22:40:00',26),(363,2.11,'2025-06-10 22:40:00',26),(364,0.60,'2025-06-10 21:40:00',26),(365,0.60,'2025-06-10 20:40:00',26),(366,0.50,'2025-06-10 19:40:00',26),(367,0.50,'2025-06-10 18:40:00',26),(368,2.42,'2025-06-11 21:40:00',26),(369,2.43,'2025-06-10 17:40:00',26),(370,2.20,'2025-06-15 13:40:00',26),(371,1.50,'2025-06-11 18:40:00',26),(372,2.51,'2025-06-10 16:40:00',26),(373,2.11,'2025-06-10 14:40:00',26),(374,2.30,'2025-06-14 22:40:00',26),(375,1.54,'2025-06-11 15:32:54',28),(376,1.03,'2025-06-11 15:33:45',28),(377,2.30,'2025-06-11 22:40:00',26),(460,3.52,'2025-06-12 18:39:38',28),(461,1.58,'2025-06-12 19:39:48',28),(462,1.35,'2025-06-12 20:39:58',28),(463,2.22,'2025-06-12 21:40:08',28),(464,1.35,'2025-06-12 22:40:18',28),(465,2.20,'2025-06-10 22:40:00',28),(467,5.00,'2025-06-15 13:00:00',26),(468,4.00,'2025-06-15 12:00:00',26),(484,0.55,'2025-06-16 10:31:42',66),(485,2.55,'2025-06-16 09:31:52',66),(486,0.37,'2025-06-16 08:32:02',66),(487,1.34,'2025-06-16 07:32:12',66),(488,3.38,'2025-06-16 06:32:22',66),(489,1.31,'2025-06-16 05:32:32',66),(490,3.34,'2025-06-16 04:32:42',66),(491,3.59,'2025-06-16 03:32:52',66),(492,3.58,'2025-06-16 02:33:02',66),(493,3.54,'2025-06-16 01:33:12',66),(494,3.58,'2025-06-16 00:33:22',66),(495,0.36,'2025-06-15 23:33:32',66),(496,0.38,'2025-06-15 22:33:42',66),(497,0.32,'2025-06-15 21:33:52',66),(498,0.32,'2025-06-15 20:34:02',66),(499,0.38,'2025-06-15 19:34:12',66),(500,0.37,'2025-06-15 18:34:22',66),(501,0.32,'2025-06-15 17:34:32',66),(502,0.32,'2025-06-15 16:34:42',66),(503,0.37,'2025-06-15 15:34:52',66),(504,0.30,'2025-06-15 14:35:02',66),(505,0.34,'2025-06-15 13:35:12',66);
/*!40000 ALTER TABLE `energy_consumptions` ENABLE KEYS */;
UNLOCK TABLES;

--
-- Table structure for table `energy_equipments`
--

DROP TABLE IF EXISTS `energy_equipments`;
/*!40101 SET @saved_cs_client     = @@character_set_client */;
/*!50503 SET character_set_client = utf8mb4 */;
CREATE TABLE `energy_equipments` (
  `id_equipment` int(11) NOT NULL AUTO_INCREMENT,
  `energy_type` int(11) NOT NULL,
  `capacity` int(11) NOT NULL,
  `housing` int(11) NOT NULL,
  `name` varchar(45) DEFAULT NULL,
  PRIMARY KEY (`id_equipment`),
  UNIQUE KEY `id_equipment_UNIQUE` (`id_equipment`),
  KEY `fk_tipo_idx` (`energy_type`),
  KEY `fk_edificio_idx` (`housing`),
  KEY `fk_edificios_idx` (`housing`),
  CONSTRAINT `fk_energy_equipment_energy_type` FOREIGN KEY (`energy_type`) REFERENCES `energy_types` (`id_type`),
  CONSTRAINT `fk_energy_equipments_id_housing` FOREIGN KEY (`housing`) REFERENCES `housings` (`id_housing`) ON DELETE CASCADE
) ENGINE=InnoDB AUTO_INCREMENT=192 DEFAULT CHARSET=utf8 COLLATE=utf8_general_ci;
/*!40101 SET character_set_client = @saved_cs_client */;

--
-- Dumping data for table `energy_equipments`
--

LOCK TABLES `energy_equipments` WRITE;
/*!40000 ALTER TABLE `energy_equipments` DISABLE KEYS */;
INSERT INTO `energy_equipments` VALUES (5,2,3,8,'Painel Solar Térmico'),(6,3,18,9,'Biomassa'),(7,4,11,10,'Energia Eólica'),(9,2,5,12,'Painel Solar Térmico'),(10,4,12,13,'Energia Eólica'),(11,4,15,14,'Energia Eólica'),(12,5,3,15,'Energia Geotérmica'),(13,4,11,16,'Energia Eólica'),(14,3,28,17,'Biomassa'),(15,1,9,18,'Painel Solar Fotovoltaico'),(16,2,6,19,'Painel Solar Térmico'),(17,2,6,20,'Painel Solar Térmico'),(18,5,5,21,'Energia Geotérmica'),(21,4,4,24,'Energia Eólica'),(24,5,15,26,'Energia Geotérmica'),(25,4,4,27,'Energia Eólica'),(26,1,6,26,'Painel Solar Fotovoltaico'),(27,2,7,28,'Painel Solar Fotovoltaico 1'),(32,1,6,28,'Painel Solar Fotovoltaico 2'),(33,1,6,28,'Painel Solar Fotovoltaico 3'),(34,1,6,28,'Painel Solar Fotovoltaico 4'),(36,1,9,26,'Painel Solar direito'),(37,1,5,57,'Painel Solar 1'),(41,1,10,39,'Painel Solar Fotovoltaico Frente'),(42,1,7,26,'Painel Fotovoltaico Esquerdo'),(43,1,4,66,'Panel 1'),(45,1,4,66,'Panel 2'),(46,1,4,66,'Panel Kitchen'),(47,1,4,66,'Panel 3');
/*!40000 ALTER TABLE `energy_equipments` ENABLE KEYS */;
UNLOCK TABLES;

--
-- Table structure for table `energy_productions`
--

DROP TABLE IF EXISTS `energy_productions`;
/*!40101 SET @saved_cs_client     = @@character_set_client */;
/*!50503 SET character_set_client = utf8mb4 */;
CREATE TABLE `energy_productions` (
  `id_production` int(11) NOT NULL AUTO_INCREMENT,
  `id_equipment` int(11) NOT NULL,
  `value` decimal(8,2) NOT NULL,
  `date` datetime NOT NULL,
  PRIMARY KEY (`id_production`),
  UNIQUE KEY `id_production_UNIQUE` (`id_production`),
  KEY `id_produtor_prod_idx` (`id_equipment`),
  CONSTRAINT `fk_energy_production_id_equipment` FOREIGN KEY (`id_equipment`) REFERENCES `energy_equipments` (`id_equipment`) ON DELETE CASCADE
) ENGINE=InnoDB AUTO_INCREMENT=964 DEFAULT CHARSET=utf8 COLLATE=utf8_general_ci;
/*!40101 SET character_set_client = @saved_cs_client */;

--
-- Dumping data for table `energy_productions`
--

LOCK TABLES `energy_productions` WRITE;
/*!40000 ALTER TABLE `energy_productions` DISABLE KEYS */;
INSERT INTO `energy_productions` VALUES (3,6,9.12,'2024-07-08 13:22:19'),(4,10,5.73,'2025-01-20 16:45:10'),(5,5,4.55,'2025-05-09 10:53:33'),(6,15,6.97,'2025-02-11 11:30:22'),(7,11,9.45,'2025-04-02 10:05:11'),(8,9,7.34,'2024-09-15 14:43:09'),(9,5,8.91,'2025-05-01 19:10:34'),(10,18,5.52,'2024-11-22 08:17:01'),(11,21,6.88,'2024-06-10 12:34:50'),(13,18,7.01,'2024-08-19 15:45:30'),(15,6,8.67,'2025-05-06 09:58:45'),(16,24,5.98,'2024-05-07 06:15:00'),(17,12,7.84,'2025-01-17 13:40:22'),(18,5,6.73,'2025-04-20 20:13:57'),(19,21,9.01,'2024-03-11 11:21:05'),(22,24,0.10,'2025-01-12 05:33:00'),(23,24,0.43,'2025-02-17 08:41:00'),(24,24,2.18,'2025-03-11 12:15:00'),(25,24,1.67,'2025-04-01 13:28:00'),(27,24,0.12,'2025-05-10 18:12:00'),(28,24,0.05,'2025-06-01 02:24:00'),(29,24,1.38,'2025-05-27 11:53:00'),(30,24,0.58,'2025-05-14 16:08:00'),(31,24,0.24,'2025-05-03 07:22:00'),(32,24,2.03,'2025-04-01 12:39:00'),(33,24,0.89,'2025-03-28 15:03:00'),(34,24,0.11,'2025-04-15 04:45:00'),(35,24,0.34,'2025-05-05 09:17:00'),(36,24,2.21,'2024-12-20 13:34:00'),(37,26,0.12,'2025-01-08 01:47:00'),(38,26,0.36,'2025-02-22 07:31:00'),(39,26,1.79,'2025-03-17 11:26:00'),(40,26,2.42,'2025-04-09 12:11:00'),(41,26,0.91,'2025-05-02 15:38:00'),(42,26,0.13,'2025-06-03 19:03:00'),(43,26,0.04,'2025-05-22 03:29:00'),(44,26,1.23,'2025-04-19 10:15:00'),(45,26,0.71,'2025-05-11 16:49:00'),(46,26,0.21,'2025-03-07 08:57:00'),(47,26,2.14,'2025-05-04 12:00:00'),(48,26,0.78,'2025-04-29 14:26:00'),(49,26,0.11,'2025-05-18 00:38:00'),(50,26,0.56,'2024-12-08 09:41:00'),(51,26,2.35,'2024-12-30 13:19:00'),(52,24,1.01,'2025-06-02 08:45:00'),(53,24,1.43,'2025-06-03 07:12:00'),(54,24,0.34,'2025-06-02 13:34:00'),(55,24,2.22,'2025-06-02 19:03:00'),(56,24,1.02,'2025-06-03 13:51:00'),(57,26,1.05,'2025-06-03 06:17:00'),(58,26,1.33,'2025-06-03 08:09:00'),(59,26,0.56,'2025-06-02 11:46:00'),(60,26,0.55,'2025-06-02 14:42:00'),(61,24,1.01,'2025-06-04 11:45:00'),(62,24,1.55,'2025-06-04 12:12:00'),(63,26,0.52,'2025-06-04 11:51:00'),(64,26,1.50,'2025-06-04 12:17:00'),(485,32,4.43,'2025-06-11 10:00:40'),(486,27,2.22,'2025-06-11 10:00:40'),(487,34,11.91,'2025-06-11 10:00:40'),(488,33,7.90,'2025-06-11 10:00:40'),(489,32,6.04,'2025-06-11 10:00:50'),(490,33,9.04,'2025-06-11 10:00:50'),(491,34,11.59,'2025-06-11 10:00:50'),(492,27,2.49,'2025-06-11 10:00:50'),(493,27,2.03,'2025-06-11 10:01:00'),(494,32,5.52,'2025-06-11 10:01:00'),(495,33,9.48,'2025-06-11 10:01:00'),(496,34,11.54,'2025-06-11 10:01:00'),(497,33,10.24,'2025-06-11 10:01:10'),(498,34,13.05,'2025-06-11 10:01:10'),(499,27,3.77,'2025-06-11 10:01:10'),(500,32,6.71,'2025-06-11 10:01:10'),(501,27,3.31,'2025-06-11 10:01:20'),(502,32,6.53,'2025-06-11 10:01:20'),(503,33,8.89,'2025-06-11 10:01:20'),(504,34,11.79,'2025-06-11 10:01:20'),(505,27,2.23,'2025-06-11 10:01:30'),(506,32,4.68,'2025-06-11 10:01:30'),(507,33,7.53,'2025-06-11 10:01:30'),(508,34,10.33,'2025-06-11 10:01:30'),(509,27,3.71,'2025-06-11 10:01:40'),(510,32,5.84,'2025-06-11 10:01:40'),(511,33,8.93,'2025-06-11 10:01:40'),(512,34,12.17,'2025-06-11 10:01:40'),(513,27,3.91,'2025-06-11 10:01:50'),(514,32,8.08,'2025-06-11 10:01:50'),(515,33,11.62,'2025-06-11 10:01:50'),(516,34,15.58,'2025-06-11 10:01:50'),(517,27,2.89,'2025-06-11 10:02:00'),(518,32,6.35,'2025-06-11 10:02:00'),(519,33,9.45,'2025-06-11 10:02:00'),(520,34,12.86,'2025-06-11 10:02:00'),(521,27,3.26,'2025-06-11 10:02:10'),(522,32,5.70,'2025-06-11 10:02:10'),(523,33,9.44,'2025-06-11 10:02:10'),(524,34,11.70,'2025-06-11 10:02:10'),(525,33,9.03,'2025-06-11 10:02:20'),(526,32,5.53,'2025-06-11 10:02:20'),(527,34,11.46,'2025-06-11 10:02:20'),(528,27,2.32,'2025-06-11 10:02:20'),(529,27,0.79,'2025-06-11 10:02:59'),(530,32,1.33,'2025-06-11 10:02:59'),(531,33,1.98,'2025-06-11 10:02:59'),(532,34,2.82,'2025-06-11 10:02:59'),(533,27,0.58,'2025-06-11 10:03:13'),(534,32,1.83,'2025-06-11 10:03:13'),(535,33,2.70,'2025-06-11 10:03:13'),(536,34,3.62,'2025-06-11 10:03:13'),(537,32,2.38,'2025-06-11 10:03:23'),(538,33,3.67,'2025-06-11 10:03:23'),(539,34,3.69,'2025-06-11 10:03:23'),(540,27,0.66,'2025-06-11 10:03:23'),(541,27,1.16,'2025-06-11 10:03:33'),(542,32,3.16,'2025-06-11 10:03:33'),(543,33,3.59,'2025-06-11 10:03:33'),(544,34,4.84,'2025-06-11 10:03:33'),(545,27,1.59,'2025-06-11 10:03:43'),(546,32,2.51,'2025-06-11 10:03:43'),(547,33,4.50,'2025-06-11 10:03:43'),(548,34,5.90,'2025-06-11 10:03:43'),(549,33,2.16,'2025-06-11 10:03:53'),(550,27,0.47,'2025-06-11 10:03:53'),(551,32,1.24,'2025-06-11 10:03:53'),(552,34,2.77,'2025-06-11 10:03:53'),(553,27,1.32,'2025-06-11 10:04:03'),(554,32,2.95,'2025-06-11 10:04:03'),(555,33,3.61,'2025-06-11 10:04:03'),(556,34,5.09,'2025-06-11 10:04:03'),(557,27,1.06,'2025-06-11 10:04:13'),(558,32,1.08,'2025-06-11 10:04:13'),(559,33,1.79,'2025-06-11 10:04:13'),(560,34,3.38,'2025-06-11 10:04:13'),(561,27,2.15,'2025-06-11 10:11:02'),(562,32,0.38,'2025-06-11 10:11:02'),(563,33,0.69,'2025-06-11 10:11:02'),(564,34,0.37,'2025-06-11 10:11:02'),(565,27,1.54,'2025-06-11 10:11:12'),(566,32,0.36,'2025-06-11 10:11:12'),(567,33,0.42,'2025-06-11 10:11:12'),(568,34,0.32,'2025-06-11 10:11:12'),(569,27,0.60,'2025-06-11 10:11:22'),(570,32,1.72,'2025-06-11 10:11:22'),(571,33,1.69,'2025-06-11 10:11:22'),(572,34,0.56,'2025-06-11 10:11:22'),(573,27,0.35,'2025-06-11 10:11:32'),(574,32,1.13,'2025-06-11 10:11:32'),(575,33,1.60,'2025-06-11 10:11:32'),(576,34,0.45,'2025-06-11 10:11:32'),(577,27,1.86,'2025-06-11 10:11:42'),(578,32,0.66,'2025-06-11 10:11:42'),(579,33,1.42,'2025-06-11 10:11:42'),(580,34,1.35,'2025-06-11 10:11:42'),(581,27,1.62,'2025-06-11 10:11:52'),(582,32,0.57,'2025-06-11 10:11:52'),(583,33,0.81,'2025-06-11 10:11:52'),(584,34,1.43,'2025-06-11 10:11:52'),(585,27,0.07,'2025-06-11 10:12:02'),(586,32,0.92,'2025-06-11 10:12:02'),(587,33,0.10,'2025-06-11 10:12:02'),(588,34,0.24,'2025-06-11 10:12:02'),(589,27,0.11,'2025-06-11 10:12:59'),(590,33,0.19,'2025-06-11 10:12:59'),(591,34,0.12,'2025-06-11 10:12:59'),(592,32,0.17,'2025-06-11 10:12:59'),(593,27,0.16,'2025-06-11 10:13:19'),(594,33,0.13,'2025-06-11 10:13:19'),(595,32,0.17,'2025-06-11 10:13:19'),(596,34,0.12,'2025-06-11 10:13:19'),(597,27,0.02,'2025-06-11 10:13:29'),(598,32,0.04,'2025-06-11 10:13:29'),(599,33,0.19,'2025-06-11 10:13:29'),(600,34,0.14,'2025-06-11 10:13:29'),(601,27,0.04,'2025-06-11 15:32:54'),(602,32,0.01,'2025-06-11 15:32:54'),(603,33,0.06,'2025-06-11 15:32:54'),(604,34,0.03,'2025-06-11 15:32:54'),(605,27,0.07,'2025-06-11 15:33:05'),(606,32,0.11,'2025-06-11 15:33:05'),(607,33,0.06,'2025-06-11 15:33:05'),(608,34,0.17,'2025-06-11 15:33:05'),(609,32,0.19,'2025-06-11 15:33:15'),(610,33,0.10,'2025-06-11 15:33:15'),(611,34,0.03,'2025-06-11 15:33:15'),(612,27,0.16,'2025-06-11 15:33:15'),(613,27,0.10,'2025-06-11 15:33:25'),(614,32,0.03,'2025-06-11 15:33:25'),(615,33,0.16,'2025-06-11 15:33:25'),(616,34,0.02,'2025-06-11 15:33:25'),(617,27,0.12,'2025-06-11 15:33:35'),(618,32,0.06,'2025-06-11 15:33:35'),(619,33,0.04,'2025-06-11 15:33:35'),(620,34,0.15,'2025-06-11 15:33:35'),(621,27,0.09,'2025-06-11 15:33:45'),(622,32,0.07,'2025-06-11 15:33:45'),(623,33,0.07,'2025-06-11 15:33:45'),(624,34,0.12,'2025-06-11 15:33:45'),(625,27,0.05,'2025-06-11 15:33:55'),(626,32,0.19,'2025-06-11 15:33:55'),(627,34,0.13,'2025-06-11 15:33:55'),(628,33,0.06,'2025-06-11 15:33:55'),(629,27,0.12,'2025-06-11 15:34:04'),(630,32,0.01,'2025-06-11 15:34:04'),(631,33,0.01,'2025-06-11 15:34:04'),(632,34,0.09,'2025-06-11 15:34:04'),(633,27,0.14,'2025-06-11 15:34:15'),(634,32,0.20,'2025-06-11 15:34:15'),(635,33,0.07,'2025-06-11 15:34:15'),(636,34,0.19,'2025-06-11 15:34:15'),(637,27,0.19,'2025-06-11 15:34:24'),(638,32,0.04,'2025-06-11 15:34:24'),(639,33,0.10,'2025-06-11 15:34:24'),(640,34,0.11,'2025-06-11 15:34:24'),(641,27,0.05,'2025-06-11 15:34:34'),(642,32,0.04,'2025-06-11 15:34:34'),(643,33,0.15,'2025-06-11 15:34:34'),(644,34,0.08,'2025-06-11 15:34:34'),(725,27,0.16,'2025-06-12 18:39:38'),(726,32,0.00,'2025-06-12 18:39:38'),(727,33,0.03,'2025-06-12 18:39:38'),(728,34,0.04,'2025-06-12 18:39:38'),(729,27,0.15,'2025-06-12 19:39:48'),(730,32,0.12,'2025-06-12 19:39:48'),(731,33,0.06,'2025-06-12 19:39:48'),(732,34,0.18,'2025-06-12 19:39:48'),(733,32,0.11,'2025-06-12 20:39:58'),(734,33,0.16,'2025-06-12 20:39:58'),(735,34,0.18,'2025-06-12 20:39:58'),(736,27,0.06,'2025-06-12 20:39:58'),(737,27,0.05,'2025-06-12 21:40:08'),(738,33,0.14,'2025-06-12 21:40:08'),(739,34,0.18,'2025-06-12 21:40:08'),(740,32,0.16,'2025-06-12 21:40:08'),(741,27,0.15,'2025-06-12 22:40:18'),(742,33,0.20,'2025-06-12 22:00:18'),(743,34,0.09,'2025-06-12 22:40:18'),(744,32,0.09,'2025-06-12 22:40:18'),(747,5,6.89,'2025-05-04 16:59:29'),(748,5,11.20,'2025-05-04 16:59:29'),(749,26,6.50,'2025-06-13 00:00:00'),(750,26,6.50,'2025-06-13 00:00:00'),(753,26,6.50,'2025-06-13 00:00:00'),(754,26,4.50,'2025-06-15 00:00:00'),(755,34,8.50,'2025-06-15 00:00:00'),(756,27,0.17,'2025-06-16 11:30:10'),(757,32,0.01,'2025-06-16 11:30:10'),(758,33,0.06,'2025-06-16 11:30:10'),(759,34,0.13,'2025-06-16 11:30:10'),(760,32,0.14,'2025-06-16 12:30:20'),(761,33,0.04,'2025-06-16 12:30:20'),(762,34,0.01,'2025-06-16 12:30:20'),(763,27,0.16,'2025-06-16 12:30:20'),(764,27,0.01,'2025-06-16 13:30:30'),(765,33,0.08,'2025-06-16 13:30:30'),(766,32,0.14,'2025-06-16 13:30:30'),(767,34,0.15,'2025-06-16 13:30:30'),(768,27,0.02,'2025-06-16 14:30:41'),(769,33,0.19,'2025-06-16 14:30:41'),(770,34,0.05,'2025-06-16 14:30:41'),(771,32,0.06,'2025-06-16 14:30:41'),(772,32,0.01,'2025-06-16 15:30:50'),(773,33,0.20,'2025-06-16 15:30:50'),(774,34,0.09,'2025-06-16 15:30:50'),(775,27,0.02,'2025-06-16 15:30:50'),(776,27,0.13,'2025-06-16 16:31:00'),(777,32,0.01,'2025-06-16 16:31:00'),(778,33,0.11,'2025-06-16 16:31:00'),(779,34,0.19,'2025-06-16 16:31:00'),(780,27,0.08,'2025-06-16 09:40:47'),(781,33,0.04,'2025-06-16 09:40:47'),(782,34,0.16,'2025-06-16 09:40:47'),(783,32,0.10,'2025-06-16 09:40:47'),(784,32,0.04,'2025-06-16 08:40:57'),(785,33,0.05,'2025-06-16 08:40:57'),(786,34,0.02,'2025-06-16 08:40:57'),(787,27,0.01,'2025-06-16 08:40:57'),(788,27,0.15,'2025-06-16 07:41:07'),(789,32,0.14,'2025-06-16 07:41:07'),(790,33,0.17,'2025-06-16 07:41:07'),(791,34,0.15,'2025-06-16 07:41:07'),(792,27,0.12,'2025-06-16 06:41:17'),(793,32,0.14,'2025-06-16 06:41:17'),(794,33,0.06,'2025-06-16 06:41:17'),(795,34,0.13,'2025-06-16 06:41:17'),(796,27,0.15,'2025-06-16 05:41:27'),(797,32,0.16,'2025-06-16 05:41:27'),(798,33,0.17,'2025-06-16 05:41:27'),(799,34,0.14,'2025-06-16 05:41:27'),(800,27,0.03,'2025-06-16 04:41:37'),(801,32,0.15,'2025-06-16 04:41:37'),(802,33,0.00,'2025-06-16 04:41:37'),(803,34,0.09,'2025-06-16 04:41:37'),(804,27,0.08,'2025-06-16 03:41:47'),(805,32,0.06,'2025-06-16 03:41:47'),(806,33,0.15,'2025-06-16 03:41:47'),(807,34,0.05,'2025-06-16 03:41:47'),(808,27,0.11,'2025-06-16 02:41:57'),(809,32,0.09,'2025-06-16 02:41:57'),(810,33,0.03,'2025-06-16 02:41:57'),(811,34,0.13,'2025-06-16 02:41:57'),(812,27,0.09,'2025-06-16 01:42:07'),(813,32,0.01,'2025-06-16 01:42:07'),(814,34,0.03,'2025-06-16 01:42:07'),(815,33,0.13,'2025-06-16 01:42:07'),(816,47,0.10,'2025-06-16 10:31:42'),(817,45,0.08,'2025-06-16 10:31:42'),(818,43,0.12,'2025-06-16 10:31:42'),(819,46,0.09,'2025-06-16 10:31:42'),(820,45,0.04,'2025-06-16 09:31:52'),(821,46,0.14,'2025-06-16 09:31:52'),(822,47,0.01,'2025-06-16 09:31:52'),(823,43,0.07,'2025-06-16 09:31:52'),(824,43,0.12,'2025-06-16 08:32:02'),(825,46,0.17,'2025-06-16 08:32:02'),(826,47,0.20,'2025-06-16 08:32:02'),(827,45,0.15,'2025-06-16 08:32:02'),(828,43,0.17,'2025-06-16 07:32:12'),(829,46,0.08,'2025-06-16 07:32:12'),(830,45,0.11,'2025-06-16 07:32:12'),(831,47,0.19,'2025-06-16 07:32:12'),(832,43,0.14,'2025-06-16 06:32:22'),(833,45,0.03,'2025-06-16 06:32:22'),(834,46,0.15,'2025-06-16 06:32:22'),(835,47,0.12,'2025-06-16 06:32:22'),(836,43,0.10,'2025-06-16 05:32:32'),(837,45,0.04,'2025-06-16 05:32:32'),(838,46,0.01,'2025-06-16 05:32:32'),(839,47,0.05,'2025-06-16 05:32:32'),(840,43,0.19,'2025-06-16 04:32:42'),(841,45,0.18,'2025-06-16 04:32:42'),(842,46,0.19,'2025-06-16 04:32:42'),(843,47,0.01,'2025-06-16 04:32:42'),(844,45,0.06,'2025-06-16 03:32:52'),(845,43,0.18,'2025-06-16 03:32:52'),(846,46,0.12,'2025-06-16 03:32:52'),(847,47,0.11,'2025-06-16 03:32:52'),(848,43,0.20,'2025-06-16 02:33:02'),(849,45,0.03,'2025-06-16 02:33:02'),(850,46,0.01,'2025-06-16 02:33:02'),(851,47,0.17,'2025-06-16 02:33:02'),(852,43,0.07,'2025-06-16 01:33:12'),(853,45,0.11,'2025-06-16 01:33:12'),(854,46,0.17,'2025-06-16 01:33:12'),(855,47,0.06,'2025-06-16 01:33:12'),(856,43,0.05,'2025-06-16 00:33:22'),(857,45,0.12,'2025-06-16 00:33:22'),(858,46,0.10,'2025-06-16 00:33:22'),(859,47,0.10,'2025-06-16 00:33:22'),(860,43,0.03,'2025-06-15 23:33:32'),(861,45,0.15,'2025-06-15 23:33:32'),(862,46,0.13,'2025-06-15 23:33:32'),(863,47,0.12,'2025-06-15 23:33:32'),(864,43,0.08,'2025-06-15 22:33:42'),(865,45,0.05,'2025-06-15 22:33:42'),(866,46,0.04,'2025-06-15 22:33:42'),(867,47,0.15,'2025-06-15 22:33:42'),(868,43,0.13,'2025-06-15 21:33:52'),(869,45,0.11,'2025-06-15 21:33:52'),(870,46,0.04,'2025-06-15 21:33:52'),(871,47,0.01,'2025-06-15 21:33:52'),(872,43,0.00,'2025-06-15 20:34:02'),(873,45,0.09,'2025-06-15 20:34:02'),(874,46,0.18,'2025-06-15 20:34:02'),(875,47,0.18,'2025-06-15 20:34:02'),(876,45,0.02,'2025-06-15 19:34:12'),(877,43,0.03,'2025-06-15 19:34:12'),(878,46,0.04,'2025-06-15 19:34:12'),(879,47,0.10,'2025-06-15 19:34:12'),(880,43,0.01,'2025-06-15 18:34:22'),(881,45,0.11,'2025-06-15 18:34:22'),(882,46,0.10,'2025-06-15 18:34:22'),(883,47,0.03,'2025-06-15 18:34:22'),(884,43,0.18,'2025-06-15 17:34:32'),(885,45,0.17,'2025-06-15 17:34:32'),(886,46,0.11,'2025-06-15 17:34:32'),(887,47,0.05,'2025-06-15 17:34:32'),(888,43,0.01,'2025-06-15 16:34:42'),(889,45,0.11,'2025-06-15 16:34:42'),(890,46,0.16,'2025-06-15 16:34:42'),(891,47,0.16,'2025-06-15 16:34:42'),(892,43,0.12,'2025-06-15 15:34:52'),(893,45,0.19,'2025-06-15 15:34:52'),(894,46,0.04,'2025-06-15 15:34:52'),(895,47,0.17,'2025-06-15 15:34:52'),(896,43,0.01,'2025-06-15 14:35:02'),(897,46,0.19,'2025-06-15 14:35:02'),(898,45,0.15,'2025-06-15 14:35:02'),(899,47,0.06,'2025-06-15 14:35:02'),(900,43,0.06,'2025-06-15 13:35:12'),(901,46,0.02,'2025-06-15 13:35:12'),(902,45,0.10,'2025-06-15 13:35:12'),(903,47,0.14,'2025-06-15 13:35:12');
/*!40000 ALTER TABLE `energy_productions` ENABLE KEYS */;
UNLOCK TABLES;

--
-- Table structure for table `energy_types`
--

DROP TABLE IF EXISTS `energy_types`;
/*!40101 SET @saved_cs_client     = @@character_set_client */;
/*!50503 SET character_set_client = utf8mb4 */;
CREATE TABLE `energy_types` (
  `id_type` int(11) NOT NULL AUTO_INCREMENT,
  `name` varchar(45) NOT NULL,
  PRIMARY KEY (`id_type`),
  UNIQUE KEY `id_type_UNIQUE` (`id_type`)
) ENGINE=InnoDB AUTO_INCREMENT=15 DEFAULT CHARSET=utf8 COLLATE=utf8_general_ci;
/*!40101 SET character_set_client = @saved_cs_client */;

--
-- Dumping data for table `energy_types`
--

LOCK TABLES `energy_types` WRITE;
/*!40000 ALTER TABLE `energy_types` DISABLE KEYS */;
INSERT INTO `energy_types` VALUES (1,'Painel Solar Fotovoltaico'),(2,'Painel Solar Térmico'),(3,'Biomassa'),(4,'Energia Eólica Residencial'),(5,'Energia Geotérmica'),(10,'Solar Photovoltaic'),(11,'Solar Thermal'),(12,'Biomass'),(13,'Wind'),(14,'Geothermal');
/*!40000 ALTER TABLE `energy_types` ENABLE KEYS */;
UNLOCK TABLES;

--
-- Table structure for table `given_energies`
--

DROP TABLE IF EXISTS `given_energies`;
/*!40101 SET @saved_cs_client     = @@character_set_client */;
/*!50503 SET character_set_client = utf8mb4 */;
CREATE TABLE `given_energies` (
  `id` int(11) NOT NULL AUTO_INCREMENT,
  `value` decimal(8,2) NOT NULL,
  `id_equipment` int(11) NOT NULL,
  `date` datetime NOT NULL,
  PRIMARY KEY (`id`),
  UNIQUE KEY `id_UNIQUE` (`id`),
  KEY `fk_produtor_idx` (`id_equipment`),
  CONSTRAINT `fk_given_energy_id_equipment` FOREIGN KEY (`id_equipment`) REFERENCES `energy_equipments` (`id_equipment`) ON DELETE CASCADE
) ENGINE=InnoDB AUTO_INCREMENT=96 DEFAULT CHARSET=utf8 COLLATE=utf8_general_ci;
/*!40101 SET character_set_client = @saved_cs_client */;

--
-- Dumping data for table `given_energies`
--

LOCK TABLES `given_energies` WRITE;
/*!40000 ALTER TABLE `given_energies` DISABLE KEYS */;
INSERT INTO `given_energies` VALUES (1,10.00,27,'2025-06-11 15:33:45'),(3,6.00,5,'2025-05-09 12:13:22'),(4,3.45,10,'2025-01-20 16:45:10'),(5,2.88,7,'2024-12-30 18:01:57'),(6,1.64,15,'2025-02-11 11:30:22'),(7,3.22,11,'2025-04-02 10:05:11'),(8,1.45,9,'2024-09-15 14:43:09'),(9,2.95,5,'2025-05-01 19:10:34'),(10,0.83,18,'2024-11-22 08:17:01'),(13,1.68,21,'2024-08-19 15:45:30'),(15,0.92,6,'2025-05-06 09:58:45'),(16,1.58,24,'2024-05-07 06:15:00'),(17,3.41,12,'2025-01-17 13:40:22'),(18,2.29,5,'2025-04-20 20:13:57'),(19,1.97,21,'2024-03-11 11:21:05'),(20,2.76,7,'2024-12-05 07:33:11'),(21,2.15,10,'2025-02-08 14:21:32'),(22,1.02,5,'2024-03-14 08:45:00'),(23,2.98,6,'2025-05-02 12:11:10'),(24,0.76,15,'2024-11-01 17:22:43'),(25,3.21,7,'2025-04-15 09:10:00'),(26,1.58,9,'2024-07-07 16:55:12'),(27,2.04,12,'2025-03-20 10:22:01'),(29,1.77,18,'2025-01-25 11:09:44'),(30,0.91,21,'2024-10-02 18:34:30'),(31,2.89,11,'2025-05-03 08:50:22'),(32,1.14,6,'2024-08-30 07:00:00'),(34,2.12,24,'2024-12-25 09:00:00'),(35,0.94,7,'2024-05-14 06:12:12'),(36,2.61,14,'2025-04-01 15:45:10'),(37,3.40,21,'2024-09-01 19:30:00'),(38,1.39,13,'2025-02-14 07:33:21'),(39,2.00,9,'2024-10-12 10:05:11'),(40,0.87,5,'2025-01-10 12:59:59'),(41,2.33,10,'2025-05-05 11:00:00'),(42,1.45,21,'2024-04-04 13:11:15'),(43,2.72,12,'2025-03-13 16:20:00'),(45,1.69,6,'2025-02-17 08:20:00'),(46,1.55,15,'2024-07-19 10:33:45'),(47,2.35,7,'2025-04-10 17:15:00'),(48,1.88,5,'2024-05-23 12:22:22'),(50,1.96,18,'2024-11-11 07:12:30'),(51,0.77,21,'2025-01-01 06:45:00'),(52,2.41,6,'2024-10-08 10:10:10'),(53,3.28,11,'2025-03-26 09:50:00'),(54,3.11,14,'2024-06-04 08:08:08'),(55,2.93,17,'2025-02-02 13:35:00'),(56,2.87,9,'2024-12-07 15:30:00'),(57,2.66,12,'2025-04-06 11:45:00'),(59,2.68,24,'2025-01-30 10:10:00'),(60,1.73,7,'2024-09-14 09:25:00'),(61,6.00,5,'2025-05-09 12:13:22'),(66,0.51,24,'2025-06-02 08:45:00'),(67,1.05,24,'2025-06-03 12:12:00'),(68,0.31,24,'2025-06-02 17:34:00'),(69,0.22,24,'2025-06-02 16:03:00'),(70,0.34,24,'2025-06-02 15:51:00'),(71,1.30,26,'2025-06-03 09:17:00'),(72,1.33,26,'2025-06-03 10:17:00'),(73,0.54,26,'2025-06-02 16:46:00'),(74,0.50,26,'2025-06-01 14:42:00'),(75,1.05,24,'2025-06-03 10:12:00'),(76,0.31,24,'2025-06-03 16:34:00'),(77,0.62,24,'2025-06-03 16:03:00'),(78,0.34,24,'2025-06-03 15:51:00'),(79,4.20,17,'2025-06-13 00:00:00'),(80,4.20,17,'2025-06-13 00:00:00');
/*!40000 ALTER TABLE `given_energies` ENABLE KEYS */;
UNLOCK TABLES;

--
-- Table structure for table `housings`
--

DROP TABLE IF EXISTS `housings`;
/*!40101 SET @saved_cs_client     = @@character_set_client */;
/*!50503 SET character_set_client = utf8mb4 */;
CREATE TABLE `housings` (
  `id_housing` int(11) NOT NULL AUTO_INCREMENT,
  `address` varchar(255) NOT NULL,
  `pc` int(11) NOT NULL,
  `building_type` varchar(45) DEFAULT NULL,
  `id_user` int(11) NOT NULL,
  `id_supplier` int(11) DEFAULT NULL,
  `custom_supplier_price` decimal(8,4) DEFAULT NULL,
  PRIMARY KEY (`id_housing`),
  UNIQUE KEY `id_housing_UNIQUE` (`id_housing`),
  UNIQUE KEY `address` (`address`),
  UNIQUE KEY `address_2` (`address`),
  KEY `pk_cp_idx` (`pc`),
  KEY `fk_consumidor_idx` (`id_user`),
  KEY `fk_housings_id_supplier` (`id_supplier`),
  CONSTRAINT `fk_housing_id_user` FOREIGN KEY (`id_user`) REFERENCES `users` (`id_user`) ON DELETE CASCADE,
  CONSTRAINT `fk_housings_id_supplier` FOREIGN KEY (`id_supplier`) REFERENCES `suppliers` (`id`),
  CONSTRAINT `housings_ibfk_1` FOREIGN KEY (`pc`) REFERENCES `postal_codes` (`pc`)
) ENGINE=InnoDB AUTO_INCREMENT=825 DEFAULT CHARSET=utf8 COLLATE=utf8_general_ci;
/*!40101 SET character_set_client = @saved_cs_client */;

--
-- Dumping data for table `housings`
--

LOCK TABLES `housings` WRITE;
/*!40000 ALTER TABLE `housings` DISABLE KEYS */;
INSERT INTO `housings` VALUES (8,'USCGC Campbell\nFPO AE 72278',7393587,'Estúdio',3,5,NULL),(9,'7514 Kaiser Tunnel\nLake Amandamouth, AS 72311',8872799,'Apartamento',4,6,NULL),(10,'60952 Calhoun Roads Suite 135\nDebraside, IN 99353',8438501,'Moradia',5,7,NULL),(12,'82399 Erin Bridge\nEverettview, MN 08104',5848658,'Moradia',7,2,NULL),(13,'0626 Yoder Rue\nEast Andrew, UT 13902',5658108,'Moradia',8,1,NULL),(14,'Unit 1651 Box 7893\nDPO AP 61434',7312151,'Moradia',9,3,NULL),(15,'PSC 6806, Box 9539\nAPO AP 02627',1654659,'Apartamento',10,8,NULL),(16,'259 Wright Row\nSampsonbury, WA 31193',4096609,'Apartamento',11,6,NULL),(17,'38336 Ricardo Isle\nNorth Mark, NJ 90162',3035769,'Moradia',12,5,NULL),(18,'56217 Rachel Flats\nMillerberg, FM 37215',6753947,'Apartamento',13,2,NULL),(19,'0048 Dwayne Track\nColtonton, ND 97129',3291878,'Estúdio',14,1,NULL),(20,'00598 Peter Square\r\nPort Manuelport, AK 62068',8982926,'Apartamento',15,4,NULL),(21,'8095 Jennifer Passage\r\nMathewton, OK 65655',3316173,'Moradia',16,8,NULL),(24,'9819 Rogers Shoal\r\nJoshuaburgh, IA 73215',8105393,'Apartamento',19,8,NULL),(25,'390 Ramirez Row\r\nWest Jeffery, KS 67850',2104168,'Estúdio',20,8,NULL),(26,'0116 Robert StationEast Debrafort, IL 18075',3539450,'house',32,10,NULL),(27,'Rua ruela da avenida',4461151,'flat',22,6,NULL),(28,'Rua de teste',4461151,'house',32,1,NULL),(39,'Rua B',3539450,'flat',1,5,NULL),(57,'Rua ruela da rua',1234567,'house',42,1,NULL),(66,'Rua ESMAD',4445515,'house',32,1,NULL);
/*!40000 ALTER TABLE `housings` ENABLE KEYS */;
UNLOCK TABLES;

--
-- Table structure for table `notifications`
--

DROP TABLE IF EXISTS `notifications`;
/*!40101 SET @saved_cs_client     = @@character_set_client */;
/*!50503 SET character_set_client = utf8mb4 */;
CREATE TABLE `notifications` (
  `id_notification` int(11) NOT NULL AUTO_INCREMENT,
  `type` varchar(45) NOT NULL,
  `id_user` int(11) NOT NULL,
  `id_consumption` int(11) DEFAULT NULL,
  `message` varchar(255) NOT NULL,
  `createdAt` datetime DEFAULT current_timestamp(),
  `updatedAt` datetime DEFAULT current_timestamp() ON UPDATE current_timestamp(),
  PRIMARY KEY (`id_notification`),
  UNIQUE KEY `id_UNIQUE` (`id_notification`),
  KEY `fk_consumo_idx` (`id_consumption`),
  KEY `fk_Uti_idx` (`id_user`),
  CONSTRAINT `fk_notifications_id_consumption` FOREIGN KEY (`id_consumption`) REFERENCES `energy_consumptions` (`id_consumption`) ON DELETE CASCADE,
  CONSTRAINT `fk_notifications_id_user` FOREIGN KEY (`id_user`) REFERENCES `users` (`id_user`) ON DELETE CASCADE
) ENGINE=InnoDB AUTO_INCREMENT=351 DEFAULT CHARSET=utf8 COLLATE=utf8_general_ci;
/*!40101 SET character_set_client = @saved_cs_client */;

--
-- Dumping data for table `notifications`
--

LOCK TABLES `notifications` WRITE;
/*!40000 ALTER TABLE `notifications` DISABLE KEYS */;
INSERT INTO `notifications` VALUES (19,'Alert',32,374,'High consumption: 2.5 kWh','2025-06-11 12:41:41','2025-06-11 12:41:41'),(20,'Alert',32,377,'High consumption: 2.3 kWh','2025-06-12 15:06:38','2025-06-12 15:06:38'),(114,'Alert',32,460,'High consumption: 3.52 kWh','2025-06-12 17:39:38','2025-06-15 16:13:13'),(115,'Alert',32,461,'High consumption: 1.58 kWh','2025-06-12 17:39:48','2025-06-15 16:13:13'),(116,'Alert',32,462,'High consumption: 1.34 kWh','2025-06-12 17:39:58','2025-06-15 16:13:13'),(117,'Alert',32,463,'High consumption: 2.22 kWh','2025-06-12 17:40:08','2025-06-15 16:13:13'),(118,'Alert',32,464,'High consumption: 1.35 kWh','2025-06-12 17:40:18','2025-06-15 16:13:13'),(119,'Alert',32,465,'High consumption: 2.2 kWh','2025-06-13 10:47:05','2025-06-13 10:47:05'),(122,'Alert',32,467,'High consumption: 50 kWh','2025-06-15 15:06:56','2025-06-15 15:06:56'),(123,'Alert',32,467,'Estimated cost: 8.49€','2025-06-15 15:06:57','2025-06-15 15:06:57'),(124,'Alert',32,468,'High consumption: 40 kWh','2025-06-15 15:08:25','2025-06-15 15:08:25'),(125,'Alert',32,468,'Estimated cost: 6.80€','2025-06-15 15:08:25','2025-06-15 15:08:25'),(126,'Alert',32,NULL,'Low energy production: only 4.50 kWh produced on 15/06/2025.','2025-06-15 15:55:53','2025-06-15 15:55:53'),(127,'Alert',32,NULL,'Low energy production: only 8.50 kWh produced on 15/06/2025.','2025-06-15 15:57:25','2025-06-15 15:57:25'),(128,'Alert',32,NULL,'Low energy production: only 0.01 kWh produced on 16/06/2025.','2025-06-16 10:30:11','2025-06-16 10:30:11'),(129,'Alert',32,NULL,'Low energy production: only 0.13 kWh produced on 16/06/2025.','2025-06-16 10:30:11','2025-06-16 10:30:11'),(130,'Alert',32,NULL,'Low energy production: only 0.17 kWh produced on 16/06/2025.','2025-06-16 10:30:11','2025-06-16 10:30:11'),(131,'Alert',32,NULL,'Low energy production: only 0.06 kWh produced on 16/06/2025.','2025-06-16 10:30:11','2025-06-16 10:30:11'),(133,'Alert',32,NULL,'Low energy production: only 0.14 kWh produced on 16/06/2025.','2025-06-16 10:30:20','2025-06-16 10:30:20'),(134,'Alert',32,NULL,'Low energy production: only 0.04 kWh produced on 16/06/2025.','2025-06-16 10:30:20','2025-06-16 10:30:20'),(135,'Alert',32,NULL,'Low energy production: only 0.01 kWh produced on 16/06/2025.','2025-06-16 10:30:20','2025-06-16 10:30:20'),(136,'Alert',32,NULL,'Low energy production: only 0.16 kWh produced on 16/06/2025.','2025-06-16 10:30:20','2025-06-16 10:30:20'),(138,'Alert',32,NULL,'Low energy production: only 0.14 kWh produced on 16/06/2025.','2025-06-16 10:30:30','2025-06-16 10:30:30'),(139,'Alert',32,NULL,'Low energy production: only 0.01 kWh produced on 16/06/2025.','2025-06-16 10:30:30','2025-06-16 10:30:30'),(140,'Alert',32,NULL,'Low energy production: only 0.15 kWh produced on 16/06/2025.','2025-06-16 10:30:30','2025-06-16 10:30:30'),(141,'Alert',32,NULL,'Low energy production: only 0.08 kWh produced on 16/06/2025.','2025-06-16 10:30:30','2025-06-16 10:30:30'),(142,'Alert',32,NULL,'Low energy production: only 0.02 kWh produced on 16/06/2025.','2025-06-16 10:30:41','2025-06-16 10:30:41'),(143,'Alert',32,NULL,'Low energy production: only 0.05 kWh produced on 16/06/2025.','2025-06-16 10:30:41','2025-06-16 10:30:41'),(144,'Alert',32,NULL,'Low energy production: only 0.06 kWh produced on 16/06/2025.','2025-06-16 10:30:41','2025-06-16 10:30:41'),(145,'Alert',32,NULL,'Low energy production: only 0.18 kWh produced on 16/06/2025.','2025-06-16 10:30:41','2025-06-16 10:30:41'),(147,'Alert',32,NULL,'Low energy production: only 0.09 kWh produced on 16/06/2025.','2025-06-16 10:30:50','2025-06-16 10:30:50'),(148,'Alert',32,NULL,'Low energy production: only 0.20 kWh produced on 16/06/2025.','2025-06-16 10:30:51','2025-06-16 10:30:51'),(149,'Alert',32,NULL,'Low energy production: only 0.01 kWh produced on 16/06/2025.','2025-06-16 10:30:51','2025-06-16 10:30:51'),(150,'Alert',32,NULL,'Low energy production: only 0.02 kWh produced on 16/06/2025.','2025-06-16 10:30:51','2025-06-16 10:30:51'),(152,'Alert',32,NULL,'Low energy production: only 0.13 kWh produced on 16/06/2025.','2025-06-16 10:31:00','2025-06-16 10:31:00'),(153,'Alert',32,NULL,'Low energy production: only 0.11 kWh produced on 16/06/2025.','2025-06-16 10:31:00','2025-06-16 10:31:00'),(154,'Alert',32,NULL,'Low energy production: only 0.18 kWh produced on 16/06/2025.','2025-06-16 10:31:00','2025-06-16 10:31:00'),(155,'Alert',32,NULL,'Low energy production: only 0.01 kWh produced on 16/06/2025.','2025-06-16 10:31:00','2025-06-16 10:31:00'),(157,'Alert',32,NULL,'Low energy production: only 0.08 kWh produced on 16/06/2025.','2025-06-16 10:40:47','2025-06-16 10:40:47'),(158,'Alert',32,NULL,'Low energy production: only 0.16 kWh produced on 16/06/2025.','2025-06-16 10:40:47','2025-06-16 10:40:47'),(159,'Alert',32,NULL,'Low energy production: only 0.04 kWh produced on 16/06/2025.','2025-06-16 10:40:47','2025-06-16 10:40:47'),(160,'Alert',32,NULL,'Low energy production: only 0.10 kWh produced on 16/06/2025.','2025-06-16 10:40:47','2025-06-16 10:40:47'),(162,'Alert',32,NULL,'Low energy production: only 0.04 kWh produced on 16/06/2025.','2025-06-16 10:40:57','2025-06-16 10:40:57'),(163,'Alert',32,NULL,'Low energy production: only 0.01 kWh produced on 16/06/2025.','2025-06-16 10:40:57','2025-06-16 10:40:57'),(164,'Alert',32,NULL,'Low energy production: only 0.05 kWh produced on 16/06/2025.','2025-06-16 10:40:57','2025-06-16 10:40:57'),(165,'Alert',32,NULL,'Low energy production: only 0.01 kWh produced on 16/06/2025.','2025-06-16 10:40:57','2025-06-16 10:40:57'),(167,'Alert',32,NULL,'Low energy production: only 0.15 kWh produced on 16/06/2025.','2025-06-16 10:41:07','2025-06-16 10:41:07'),(168,'Alert',32,NULL,'Low energy production: only 0.14 kWh produced on 16/06/2025.','2025-06-16 10:41:07','2025-06-16 10:41:07'),(169,'Alert',32,NULL,'Low energy production: only 0.17 kWh produced on 16/06/2025.','2025-06-16 10:41:07','2025-06-16 10:41:07'),(170,'Alert',32,NULL,'Low energy production: only 0.15 kWh produced on 16/06/2025.','2025-06-16 10:41:07','2025-06-16 10:41:07'),(172,'Alert',32,NULL,'Low energy production: only 0.14 kWh produced on 16/06/2025.','2025-06-16 10:41:17','2025-06-16 10:41:17'),(173,'Alert',32,NULL,'Low energy production: only 0.12 kWh produced on 16/06/2025.','2025-06-16 10:41:17','2025-06-16 10:41:17'),(174,'Alert',32,NULL,'Low energy production: only 0.06 kWh produced on 16/06/2025.','2025-06-16 10:41:17','2025-06-16 10:41:17'),(175,'Alert',32,NULL,'Low energy production: only 0.13 kWh produced on 16/06/2025.','2025-06-16 10:41:17','2025-06-16 10:41:17'),(176,'Alert',32,NULL,'Low energy production: only 0.15 kWh produced on 16/06/2025.','2025-06-16 10:41:27','2025-06-16 10:41:27'),(177,'Alert',32,NULL,'Low energy production: only 0.16 kWh produced on 16/06/2025.','2025-06-16 10:41:27','2025-06-16 10:41:27'),(178,'Alert',32,NULL,'Low energy production: only 0.17 kWh produced on 16/06/2025.','2025-06-16 10:41:27','2025-06-16 10:41:27'),(179,'Alert',32,NULL,'Low energy production: only 0.14 kWh produced on 16/06/2025.','2025-06-16 10:41:27','2025-06-16 10:41:27'),(180,'Alert',32,NULL,'Low energy production: only 0.15 kWh produced on 16/06/2025.','2025-06-16 10:41:37','2025-06-16 10:41:37'),(181,'Alert',32,NULL,'Low energy production: only 0.03 kWh produced on 16/06/2025.','2025-06-16 10:41:37','2025-06-16 10:41:37'),(182,'Alert',32,NULL,'Low energy production: only 0.09 kWh produced on 16/06/2025.','2025-06-16 10:41:37','2025-06-16 10:41:37'),(183,'Alert',32,NULL,'Low energy production: only 0.00 kWh produced on 16/06/2025.','2025-06-16 10:41:37','2025-06-16 10:41:37'),(185,'Alert',32,NULL,'Low energy production: only 0.06 kWh produced on 16/06/2025.','2025-06-16 10:41:47','2025-06-16 10:41:47'),(186,'Alert',32,NULL,'Low energy production: only 0.07 kWh produced on 16/06/2025.','2025-06-16 10:41:47','2025-06-16 10:41:47'),(187,'Alert',32,NULL,'Low energy production: only 0.05 kWh produced on 16/06/2025.','2025-06-16 10:41:47','2025-06-16 10:41:47'),(188,'Alert',32,NULL,'Low energy production: only 0.15 kWh produced on 16/06/2025.','2025-06-16 10:41:47','2025-06-16 10:41:47'),(190,'Alert',32,NULL,'Low energy production: only 0.09 kWh produced on 16/06/2025.','2025-06-16 10:41:57','2025-06-16 10:41:57'),(191,'Alert',32,NULL,'Low energy production: only 0.03 kWh produced on 16/06/2025.','2025-06-16 10:41:57','2025-06-16 10:41:57'),(192,'Alert',32,NULL,'Low energy production: only 0.13 kWh produced on 16/06/2025.','2025-06-16 10:41:57','2025-06-16 10:41:57'),(193,'Alert',32,NULL,'Low energy production: only 0.11 kWh produced on 16/06/2025.','2025-06-16 10:41:57','2025-06-16 10:41:57'),(195,'Alert',32,NULL,'Low energy production: only 0.09 kWh produced on 16/06/2025.','2025-06-16 10:42:10','2025-06-16 10:42:10'),(196,'Alert',32,NULL,'Low energy production: only 0.01 kWh produced on 16/06/2025.','2025-06-16 10:42:10','2025-06-16 10:42:10'),(197,'Alert',32,NULL,'Low energy production: only 0.03 kWh produced on 16/06/2025.','2025-06-16 10:42:10','2025-06-16 10:42:10'),(198,'Alert',32,NULL,'Low energy production: only 0.13 kWh produced on 16/06/2025.','2025-06-16 10:42:10','2025-06-16 10:42:10'),(200,'Alert',32,NULL,'Low energy production: only 0.10 kWh produced on 16/06/2025.','2025-06-16 11:31:42','2025-06-16 11:31:42'),(201,'Alert',32,NULL,'Low energy production: only 0.12 kWh produced on 16/06/2025.','2025-06-16 11:31:42','2025-06-16 11:31:42'),(202,'Alert',32,NULL,'Low energy production: only 0.08 kWh produced on 16/06/2025.','2025-06-16 11:31:42','2025-06-16 11:31:42'),(203,'Alert',32,NULL,'Low energy production: only 0.09 kWh produced on 16/06/2025.','2025-06-16 11:31:42','2025-06-16 11:31:42'),(204,'Alert',32,NULL,'Low energy production: only 0.01 kWh produced on 16/06/2025.','2025-06-16 11:31:52','2025-06-16 11:31:52'),(205,'Alert',32,NULL,'Low energy production: only 0.14 kWh produced on 16/06/2025.','2025-06-16 11:31:52','2025-06-16 11:31:52'),(206,'Alert',32,NULL,'Low energy production: only 0.04 kWh produced on 16/06/2025.','2025-06-16 11:31:52','2025-06-16 11:31:52'),(207,'Alert',32,485,'High consumption: 2.55 kWh','2025-06-16 11:31:52','2025-06-16 11:31:52'),(208,'Alert',32,NULL,'Low energy production: only 0.07 kWh produced on 16/06/2025.','2025-06-16 11:31:52','2025-06-16 11:31:52'),(209,'Alert',32,NULL,'Low energy production: only 0.12 kWh produced on 16/06/2025.','2025-06-16 11:32:02','2025-06-16 11:32:02'),(210,'Alert',32,NULL,'Low energy production: only 0.17 kWh produced on 16/06/2025.','2025-06-16 11:32:02','2025-06-16 11:32:02'),(211,'Alert',32,NULL,'Low energy production: only 0.20 kWh produced on 16/06/2025.','2025-06-16 11:32:02','2025-06-16 11:32:02'),(212,'Alert',32,NULL,'Low energy production: only 0.15 kWh produced on 16/06/2025.','2025-06-16 11:32:02','2025-06-16 11:32:02'),(213,'Alert',32,NULL,'Low energy production: only 0.17 kWh produced on 16/06/2025.','2025-06-16 11:32:12','2025-06-16 11:32:12'),(214,'Alert',32,NULL,'Low energy production: only 0.11 kWh produced on 16/06/2025.','2025-06-16 11:32:12','2025-06-16 11:32:12'),(215,'Alert',32,NULL,'Low energy production: only 0.08 kWh produced on 16/06/2025.','2025-06-16 11:32:12','2025-06-16 11:32:12'),(216,'Alert',32,NULL,'Low energy production: only 0.19 kWh produced on 16/06/2025.','2025-06-16 11:32:12','2025-06-16 11:32:12'),(217,'Alert',32,487,'High consumption: 1.34 kWh','2025-06-16 11:32:12','2025-06-16 11:32:12'),(218,'Alert',32,NULL,'Low energy production: only 0.03 kWh produced on 16/06/2025.','2025-06-16 11:32:22','2025-06-16 11:32:22'),(219,'Alert',32,NULL,'Low energy production: only 0.14 kWh produced on 16/06/2025.','2025-06-16 11:32:22','2025-06-16 11:32:22'),(220,'Alert',32,NULL,'Low energy production: only 0.15 kWh produced on 16/06/2025.','2025-06-16 11:32:22','2025-06-16 11:32:22'),(221,'Alert',32,NULL,'Low energy production: only 0.12 kWh produced on 16/06/2025.','2025-06-16 11:32:22','2025-06-16 11:32:22'),(222,'Alert',32,488,'High consumption: 3.38 kWh','2025-06-16 11:32:22','2025-06-16 11:32:22'),(223,'Alert',32,NULL,'Low energy production: only 0.10 kWh produced on 16/06/2025.','2025-06-16 11:32:32','2025-06-16 11:32:32'),(224,'Alert',32,NULL,'Low energy production: only 0.04 kWh produced on 16/06/2025.','2025-06-16 11:32:32','2025-06-16 11:32:32'),(225,'Alert',32,NULL,'Low energy production: only 0.01 kWh produced on 16/06/2025.','2025-06-16 11:32:32','2025-06-16 11:32:32'),(226,'Alert',32,NULL,'Low energy production: only 0.05 kWh produced on 16/06/2025.','2025-06-16 11:32:32','2025-06-16 11:32:32'),(227,'Alert',32,489,'High consumption: 1.31 kWh','2025-06-16 11:32:32','2025-06-16 11:32:32'),(228,'Alert',32,NULL,'Low energy production: only 0.19 kWh produced on 16/06/2025.','2025-06-16 11:32:42','2025-06-16 11:32:42'),(229,'Alert',32,NULL,'Low energy production: only 0.18 kWh produced on 16/06/2025.','2025-06-16 11:32:42','2025-06-16 11:32:42'),(230,'Alert',32,NULL,'Low energy production: only 0.19 kWh produced on 16/06/2025.','2025-06-16 11:32:42','2025-06-16 11:32:42'),(231,'Alert',32,NULL,'Low energy production: only 0.01 kWh produced on 16/06/2025.','2025-06-16 11:32:42','2025-06-16 11:32:42'),(232,'Alert',32,490,'High consumption: 3.34 kWh','2025-06-16 11:32:42','2025-06-16 11:32:42'),(233,'Alert',32,NULL,'Low energy production: only 0.06 kWh produced on 16/06/2025.','2025-06-16 11:32:52','2025-06-16 11:32:52'),(234,'Alert',32,NULL,'Low energy production: only 0.18 kWh produced on 16/06/2025.','2025-06-16 11:32:52','2025-06-16 11:32:52'),(235,'Alert',32,NULL,'Low energy production: only 0.12 kWh produced on 16/06/2025.','2025-06-16 11:32:52','2025-06-16 11:32:52'),(236,'Alert',32,NULL,'Low energy production: only 0.11 kWh produced on 16/06/2025.','2025-06-16 11:32:52','2025-06-16 11:32:52'),(237,'Alert',32,491,'High consumption: 3.59 kWh','2025-06-16 11:32:52','2025-06-16 11:32:52'),(238,'Alert',32,NULL,'Low energy production: only 0.20 kWh produced on 16/06/2025.','2025-06-16 11:33:02','2025-06-16 11:33:02'),(239,'Alert',32,NULL,'Low energy production: only 0.03 kWh produced on 16/06/2025.','2025-06-16 11:33:02','2025-06-16 11:33:02'),(240,'Alert',32,NULL,'Low energy production: only 0.01 kWh produced on 16/06/2025.','2025-06-16 11:33:02','2025-06-16 11:33:02'),(241,'Alert',32,NULL,'Low energy production: only 0.17 kWh produced on 16/06/2025.','2025-06-16 11:33:02','2025-06-16 11:33:02'),(242,'Alert',32,492,'High consumption: 3.58 kWh','2025-06-16 11:33:02','2025-06-16 11:33:02'),(243,'Alert',32,NULL,'Low energy production: only 0.11 kWh produced on 16/06/2025.','2025-06-16 11:33:12','2025-06-16 11:33:12'),(244,'Alert',32,NULL,'Low energy production: only 0.07 kWh produced on 16/06/2025.','2025-06-16 11:33:12','2025-06-16 11:33:12'),(245,'Alert',32,NULL,'Low energy production: only 0.17 kWh produced on 16/06/2025.','2025-06-16 11:33:12','2025-06-16 11:33:12'),(246,'Alert',32,NULL,'Low energy production: only 0.06 kWh produced on 16/06/2025.','2025-06-16 11:33:12','2025-06-16 11:33:12'),(247,'Alert',32,493,'High consumption: 3.54 kWh','2025-06-16 11:33:12','2025-06-16 11:33:12'),(248,'Alert',32,NULL,'Low energy production: only 0.05 kWh produced on 16/06/2025.','2025-06-16 11:33:22','2025-06-16 11:33:22'),(249,'Alert',32,NULL,'Low energy production: only 0.12 kWh produced on 16/06/2025.','2025-06-16 11:33:22','2025-06-16 11:33:22'),(250,'Alert',32,NULL,'Low energy production: only 0.10 kWh produced on 16/06/2025.','2025-06-16 11:33:22','2025-06-16 11:33:22'),(251,'Alert',32,NULL,'Low energy production: only 0.10 kWh produced on 16/06/2025.','2025-06-16 11:33:22','2025-06-16 11:33:22'),(252,'Alert',32,494,'High consumption: 3.58 kWh','2025-06-16 11:33:22','2025-06-16 11:33:22'),(253,'Alert',32,NULL,'Low energy production: only 0.03 kWh produced on 16/06/2025.','2025-06-16 11:33:32','2025-06-16 11:33:32'),(254,'Alert',32,NULL,'Low energy production: only 0.15 kWh produced on 16/06/2025.','2025-06-16 11:33:32','2025-06-16 11:33:32'),(255,'Alert',32,NULL,'Low energy production: only 0.13 kWh produced on 16/06/2025.','2025-06-16 11:33:32','2025-06-16 11:33:32'),(256,'Alert',32,NULL,'Low energy production: only 0.12 kWh produced on 16/06/2025.','2025-06-16 11:33:32','2025-06-16 11:33:32'),(257,'Alert',32,NULL,'Low energy production: only 0.08 kWh produced on 15/06/2025.','2025-06-16 11:33:42','2025-06-16 11:33:42'),(258,'Alert',32,NULL,'Low energy production: only 0.05 kWh produced on 15/06/2025.','2025-06-16 11:33:42','2025-06-16 11:33:42'),(259,'Alert',32,NULL,'Low energy production: only 0.04 kWh produced on 15/06/2025.','2025-06-16 11:33:42','2025-06-16 11:33:42'),(260,'Alert',32,NULL,'Low energy production: only 0.15 kWh produced on 15/06/2025.','2025-06-16 11:33:42','2025-06-16 11:33:42'),(261,'Alert',32,NULL,'Low energy production: only 0.13 kWh produced on 15/06/2025.','2025-06-16 11:33:52','2025-06-16 11:33:52'),(262,'Alert',32,NULL,'Low energy production: only 0.11 kWh produced on 15/06/2025.','2025-06-16 11:33:52','2025-06-16 11:33:52'),(263,'Alert',32,NULL,'Low energy production: only 0.04 kWh produced on 15/06/2025.','2025-06-16 11:33:52','2025-06-16 11:33:52'),(264,'Alert',32,NULL,'Low energy production: only 0.01 kWh produced on 15/06/2025.','2025-06-16 11:33:52','2025-06-16 11:33:52'),(265,'Alert',32,NULL,'Low energy production: only 0.00 kWh produced on 15/06/2025.','2025-06-16 11:34:02','2025-06-16 11:34:02'),(266,'Alert',32,NULL,'Low energy production: only 0.09 kWh produced on 15/06/2025.','2025-06-16 11:34:02','2025-06-16 11:34:02'),(267,'Alert',32,NULL,'Low energy production: only 0.18 kWh produced on 15/06/2025.','2025-06-16 11:34:02','2025-06-16 11:34:02'),(268,'Alert',32,NULL,'Low energy production: only 0.18 kWh produced on 15/06/2025.','2025-06-16 11:34:02','2025-06-16 11:34:02'),(269,'Alert',32,NULL,'Low energy production: only 0.03 kWh produced on 15/06/2025.','2025-06-16 11:34:12','2025-06-16 11:34:12'),(270,'Alert',32,NULL,'Low energy production: only 0.02 kWh produced on 15/06/2025.','2025-06-16 11:34:12','2025-06-16 11:34:12'),(271,'Alert',32,NULL,'Low energy production: only 0.04 kWh produced on 15/06/2025.','2025-06-16 11:34:12','2025-06-16 11:34:12'),(272,'Alert',32,NULL,'Low energy production: only 0.10 kWh produced on 15/06/2025.','2025-06-16 11:34:12','2025-06-16 11:34:12'),(273,'Alert',32,NULL,'Low energy production: only 0.01 kWh produced on 15/06/2025.','2025-06-16 11:34:22','2025-06-16 11:34:22'),(274,'Alert',32,NULL,'Low energy production: only 0.11 kWh produced on 15/06/2025.','2025-06-16 11:34:22','2025-06-16 11:34:22'),(275,'Alert',32,NULL,'Low energy production: only 0.10 kWh produced on 15/06/2025.','2025-06-16 11:34:22','2025-06-16 11:34:22'),(276,'Alert',32,NULL,'Low energy production: only 0.03 kWh produced on 15/06/2025.','2025-06-16 11:34:22','2025-06-16 11:34:22'),(277,'Alert',32,NULL,'Low energy production: only 0.18 kWh produced on 15/06/2025.','2025-06-16 11:34:32','2025-06-16 11:34:32'),(278,'Alert',32,NULL,'Low energy production: only 0.17 kWh produced on 15/06/2025.','2025-06-16 11:34:32','2025-06-16 11:34:32'),(279,'Alert',32,NULL,'Low energy production: only 0.11 kWh produced on 15/06/2025.','2025-06-16 11:34:32','2025-06-16 11:34:32'),(280,'Alert',32,NULL,'Low energy production: only 0.05 kWh produced on 15/06/2025.','2025-06-16 11:34:32','2025-06-16 11:34:32'),(281,'Alert',32,NULL,'Low energy production: only 0.01 kWh produced on 15/06/2025.','2025-06-16 11:34:42','2025-06-16 11:34:42'),(282,'Alert',32,NULL,'Low energy production: only 0.11 kWh produced on 15/06/2025.','2025-06-16 11:34:42','2025-06-16 11:34:42'),(283,'Alert',32,NULL,'Low energy production: only 0.16 kWh produced on 15/06/2025.','2025-06-16 11:34:42','2025-06-16 11:34:42'),(284,'Alert',32,NULL,'Low energy production: only 0.15 kWh produced on 15/06/2025.','2025-06-16 11:34:42','2025-06-16 11:34:42'),(285,'Alert',32,NULL,'Low energy production: only 0.12 kWh produced on 15/06/2025.','2025-06-16 11:34:52','2025-06-16 11:34:52'),(286,'Alert',32,NULL,'Low energy production: only 0.04 kWh produced on 15/06/2025.','2025-06-16 11:34:52','2025-06-16 11:34:52'),(287,'Alert',32,NULL,'Low energy production: only 0.17 kWh produced on 15/06/2025.','2025-06-16 11:34:52','2025-06-16 11:34:52'),(288,'Alert',32,NULL,'Low energy production: only 0.19 kWh produced on 15/06/2025.','2025-06-16 11:34:52','2025-06-16 11:34:52'),(292,'Alert',32,NULL,'Low energy production: only 0.15 kWh produced on 15/06/2025.','2025-06-16 11:35:02','2025-06-16 11:35:02');
/*!40000 ALTER TABLE `notifications` ENABLE KEYS */;
UNLOCK TABLES;

--
-- Table structure for table `postal_codes`
--

DROP TABLE IF EXISTS `postal_codes`;
/*!40101 SET @saved_cs_client     = @@character_set_client */;
/*!50503 SET character_set_client = utf8mb4 */;
CREATE TABLE `postal_codes` (
  `pc` int(11) NOT NULL,
  `location` varchar(45) NOT NULL,
  PRIMARY KEY (`pc`),
  UNIQUE KEY `cp_UNIQUE` (`pc`)
) ENGINE=InnoDB DEFAULT CHARSET=utf8 COLLATE=utf8_general_ci;
/*!40101 SET character_set_client = @saved_cs_client */;

--
-- Dumping data for table `postal_codes`
--

LOCK TABLES `postal_codes` WRITE;
/*!40000 ALTER TABLE `postal_codes` DISABLE KEYS */;
INSERT INTO `postal_codes` VALUES (1111111,'New city'),(1234567,'Test City'),(1234657,'PVZ2'),(1654659,'Lisboa'),(1959230,'Lisboa'),(2104168,'Santarém'),(2123356,'GivenEnergies City 2'),(2123456,'Consumption City 2'),(2133456,'Production City 2'),(2345678,'Porto'),(3022427,'Coimbra'),(3035769,'Coimbra'),(3123457,'Consumption City'),(3123487,'GivenEnergies City'),(3123957,'Production City'),(3291878,'Coimbra'),(3316173,'Coimbra'),(3539450,'Coimbra'),(4096609,'Porto'),(4444444,'pvz'),(4445515,'PORTO'),(4461151,'Porto'),(4490112,'pvz'),(4490123,'pvz'),(4490321,'Porto'),(4490444,'vdc'),(5658108,'Bragança'),(5848658,'Bragança'),(5926644,'Bragança'),(6543811,'Desconhecido'),(6753947,'Castelo Branco'),(7312151,'Portalegre'),(7393587,'Portalegre'),(7445691,'Portalegre'),(7483227,'Portalegre'),(7689446,'Portalegre'),(8105393,'Faro'),(8438501,'Faro'),(8872799,'Faro'),(8982926,'Faro');
/*!40000 ALTER TABLE `postal_codes` ENABLE KEYS */;
UNLOCK TABLES;

--
-- Table structure for table `suppliers`
--

DROP TABLE IF EXISTS `suppliers`;
/*!40101 SET @saved_cs_client     = @@character_set_client */;
/*!50503 SET character_set_client = utf8mb4 */;
CREATE TABLE `suppliers` (
  `id` int(11) NOT NULL AUTO_INCREMENT,
  `enterprise` varchar(255) NOT NULL,
  `cost_kWh` float NOT NULL,
  PRIMARY KEY (`id`),
  UNIQUE KEY `id_UNIQUE` (`id`),
  UNIQUE KEY `enterprise` (`enterprise`),
  UNIQUE KEY `enterprise_2` (`enterprise`)
) ENGINE=InnoDB AUTO_INCREMENT=99 DEFAULT CHARSET=utf8 COLLATE=utf8_general_ci;
/*!40101 SET character_set_client = @saved_cs_client */;

--
-- Dumping data for table `suppliers`
--

LOCK TABLES `suppliers` WRITE;
/*!40000 ALTER TABLE `suppliers` DISABLE KEYS */;
INSERT INTO `suppliers` VALUES (1,'Galp Energia',0.1456),(2,'Endesa',0.1431),(3,'G9 Energy',0.1446),(4,'Goldenergy',0.1492),(5,'Iberdrola',0.1557),(6,'EDP',0.1508),(7,'Repsol',0.1605),(8,'Plenitude',0.165),(9,'SU Eletricidade',0.1658),(10,'MEO Energia',0.1699),(66,'Luzboa',0.1643),(67,'Prio Energy',0.1557);
/*!40000 ALTER TABLE `suppliers` ENABLE KEYS */;
UNLOCK TABLES;

--
-- Table structure for table `users`
--

DROP TABLE IF EXISTS `users`;
/*!40101 SET @saved_cs_client     = @@character_set_client */;
/*!50503 SET character_set_client = utf8mb4 */;
CREATE TABLE `users` (
  `id_user` int(11) NOT NULL AUTO_INCREMENT,
  `email` varchar(255) NOT NULL,
  `name` varchar(255) NOT NULL,
  `password` varchar(255) NOT NULL,
  `admin` tinyint(1) NOT NULL DEFAULT 0,
  `notification_settings` varchar(1000) DEFAULT NULL,
  `two_factor_enabled` tinyint(4) NOT NULL DEFAULT 0,
  PRIMARY KEY (`id_user`),
  UNIQUE KEY `id_user_UNIQUE` (`id_user`),
  UNIQUE KEY `email` (`email`)
) ENGINE=InnoDB AUTO_INCREMENT=1219 DEFAULT CHARSET=utf8 COLLATE=utf8_general_ci;
/*!40101 SET character_set_client = @saved_cs_client */;

--
-- Dumping data for table `users`
--

LOCK TABLES `users` WRITE;
/*!40000 ALTER TABLE `users` DISABLE KEYS */;
INSERT INTO `users` VALUES (1,'admin@email.com','admin','$2b$10$91vYgSTMhcVx3xDv8A4i9uNx5A1ShBOFVC4.DDMpdUahvwzVKaj0u',1,NULL,0),(3,'fabio@email.com','fabio','$2b$10$QgltKT1zh/ibu8DJ.rAib.VJxyfFWT6G1RMuSC5G1oOo8LvdaLESW',1,NULL,0),(4,'diana@email.com','diana','$2b$10$KBa/oqa8/SdU78vKKxUmMO34sZSrO9nUlRnc7clwZ9vf5/nICfmMy',1,NULL,0),(5,'garyharper@example.com','Gary Harper','$2b$10$RqmP.QmbOANVi8a/5zDj6eBoMru2z1dyY1d2hQ/U5w.B6gHhyQ07i',0,NULL,0),(7,'kimberlywilson@example.org','Derrick Lawrence','$2b$10$B7m0XHbylWoZXnrZhWzIKOtmRR7Nvfy1aMeIVgvquyN32IdlrsGq6',0,NULL,0),(8,'james50@example.net','Emily Wells','$2b$10$GykTYt4e7fZNnDseBXJYzeZR81GlCnzvyyOHLD76Nyi2GyN27xCRG',0,NULL,0),(9,'acarey@example.com','Patricia Stanley','$2b$10$1khvKVuIq4Hpuf1k2OCnCeNEF9lVFBwayucJD8RIopdA1IQSu0dpm',0,NULL,0),(10,'mary74@example.com','Katherine Hall','$2b$10$UcVu3baLGkjB42zUzRc3F.iY6zuQ/BVmlswdc3kVZoQvUMmZguqim',0,NULL,0),(11,'dawn15@example.org','Stephanie Mata','$2b$10$jGMe9ACjwbd3/2.rE7vqjOxXDJWaaGG4J0.H8e36UaCFbcQaXh.Um',0,NULL,0),(12,'swansonpatrick@example.org','Nichole Warner','$2b$10$jEuejlPErTASyy7Aomz92e47vwXG8eifa/aSHV7Lt/OU45hFx4k.W',0,NULL,0),(13,'klinemitchell@example.com','Edward Oconnor','$2b$10$NM6Ki6JAnkqb19p.eEJQZOP8CrN7vd8I408bPs6wFNWwqXKqknN8q',0,NULL,0),(14,'ykelley@example.org','Anna Morgan','$2b$10$YRocL/Ss9.rA7kMf6IG0.etGFvUJjvT9iWED3KKXksJgTIzHWLHqm',0,NULL,0),(15,'candace74@example.net','Sherri Gilbert','$2b$10$zyCmET0CeSvtL5XI06BUYeoDdDlLgtR5usJ4Z.I14QALbVXOJ.WBS',0,NULL,0),(16,'robertsstephanie@example.net','Cole Schroeder','$2b$10$4oPUqTtNjawcn8hNYLexvu2w.XDjezYa8.0K6GuDB.PVPvffUMElG',0,NULL,0),(17,'melissawalker@example.net','Kayla Lee','$2b$10$Ycn1VXB/8wFXmvXSl.rB.O8g.ENPRVQIUFyGES.FsTPaKqntz381m',0,NULL,0),(18,'cguerra@example.com','Ronald Mendoza','$2b$10$yyJSUw0oi2tWfI2ssy8RYOo49qbSfI14o88mAv.UcwI/2ovTUySpO',0,NULL,0),(19,'davila@example.org','Tammy Smith','$2b$10$Qg0tPVrWQzIw/rHaziq0HOQG4QyWN9Y..ZWLB2VPzeTsYRRCE3CZO',0,NULL,0),(20,'maryphillips@example.org','Michael Morgan','$2b$10$uPlbQbphnOchfYQiy/cue.CmHP2DaiYbrZSsMyITeK9fchS7kVLZu',0,NULL,0),(21,'melaniewilliams@example.com','Paul Rivera','$2b$10$J8XqT4mplqaMk9TLjd9LKuvEU.zjDWnLID3LkQPYTjMgy/zS39ot2',0,NULL,0),(22,'sweeneytracey@example.net','Colleen Davis','$2b$10$3Le/gcJIzDgjk.ppzt9YiObSKsKmdXLtHiPkkABfDNUOPY5Fw.kD2',0,NULL,0),(23,'charles83@example.net','Nicholas Roberts','$2b$10$9Shh6nMBYc9eLC4.tYOcNOw14MSYnPp2IKVdkTqmY4wh7ycWcEGlm',0,NULL,0),(24,'dillon44@example.net','Andrea Smith','$2b$10$k1xS73KcJ1CLlzYcIqwsleTDQlDPhWlYWlv6e49JaNHp1gsl3HPXS',0,NULL,0),(25,'hsandoval@example.net','Douglas Hill','$2b$10$2p9ZszGMUfyxEgled4gHn.KsXWV6KbJUSpmIqDhNAjuD/qiUALzMS',1,NULL,0),(32,'greengridesmad@gmail.com','developer tester','$2b$10$UTLScnZWlaj/PAHRtuKUUeRqIJm9tjiOVpq.E4DlXJqqdUgzPKuvy',1,'{\"alerts\":true,\"frequency\":\"instant\",\"thresholds\":{\"consumption\":0.4,\"production\":\"0.5\",\"cost\":10}}',0),(34,'Rodrigo@gmail.com','Rodrido Almeida','$2b$10$xHc/H3LZ8yLL7CFYvQqbrOtWxBNl4CmZUAAA0I7UMdNfNSgMvOKoG',0,NULL,0),(36,'andresjpg2000@gmail.com','Andres Gouveia','$2b$10$EmXaNQ.EeArISJdBKL6h3.BePpaSSfReZx97/03S6cWInCa7TXpN.',1,NULL,0),(39,'alfredodias@gmail.com','Alfredo Moreira Dias','$2b$10$wNtB8DCIievHUTtQivbObOVHYUEhUHz8Z4tcMBaOIuI3vWrSpieKK',0,NULL,0),(40,'mariarita@gmail.com','Maria Rita Dias','$2b$10$m69juK5v0DqGXaNuj3TpsuhitBdHxhhfQV3FLMX6zJjzk4SNkv8f6',0,NULL,0),(42,'jorgelima@esmad.ipp.pt','Jorge Lima','$2b$10$y9zfnb0pnLpL/Vb4q/f4Fe2tnsC/QC7XU9zEre5nYiWxbp18PgNfG',0,NULL,0),(43,'40230054@esmad.ipp.pt','Fabio Correia','$2b$10$zce.fB84sQ4Kc3NqIHpqju0SNQEHPAYIZjSv7/Gvb9hzuqQm4P63G',0,NULL,0),(73,'usercom2fa@email.com','User 2fa (usado nos testes)','$2b$10$YM9ob5Qd.reYMfjvBGADyu68L8KRDVAHp9gGEe.tEEUMnzKbEYo8W',0,NULL,1),(916,'suppliersteste2@exemplo.com','Test User','$2b$10$YC37HS4ZC4OC5Ei.3uLd5OLrf0C7SUTwUM96yvNoU/281d.6OfB9O',0,NULL,0);
/*!40000 ALTER TABLE `users` ENABLE KEYS */;
UNLOCK TABLES;

--
-- Table structure for table `widgets`
--

DROP TABLE IF EXISTS `widgets`;
/*!40101 SET @saved_cs_client     = @@character_set_client */;
/*!50503 SET character_set_client = utf8mb4 */;
CREATE TABLE `widgets` (
  `id_user` int(11) NOT NULL,
  `title` varchar(45) NOT NULL,
  `body` varchar(255) NOT NULL,
  `type` varchar(255) DEFAULT NULL,
  PRIMARY KEY (`id_user`,`title`),
  CONSTRAINT `fk_widgets_id_user` FOREIGN KEY (`id_user`) REFERENCES `users` (`id_user`) ON DELETE CASCADE
) ENGINE=InnoDB DEFAULT CHARSET=utf8mb4 COLLATE=utf8mb4_general_ci;
/*!40101 SET character_set_client = @saved_cs_client */;

--
-- Dumping data for table `widgets`
--

LOCK TABLES `widgets` WRITE;
/*!40000 ALTER TABLE `widgets` DISABLE KEYS */;
INSERT INTO `widgets` VALUES (1,'Column','{\"x\":0,\"y\":9,\"w\":12,\"h\":3}','2'),(1,'Corrent-Consumption','{\"name\":\"Current Energy Consumption\",\"earn\":\"4,42,236\",\"x\":0,\"y\":0,\"w\":3,\"h\":2}','1'),(1,'Energy-Production','{\"name\":\"Renewable Energy Production\",\"earn\":\"78,250\",\"x\":3,\"y\":0,\"w\":3,\"h\":2}','1'),(1,'Graphic','{\"x\":0,\"y\":6,\"w\":6,\"h\":3}','5'),(1,'Total-Consumption','{\"name\":\"Total Consumption this year\",\"earn\":\"18,800\",\"x\":6,\"y\":0,\"w\":3,\"h\":2}','1'),(1,'Total-Expenses','{\"name\":\"Expected Expenses (This Month)\",\"earn\":\"$35,078\",\"color\":\"error\",\"x\":9,\"y\":0,\"w\":3,\"h\":2}','1'),(1,'Vertical-Column','{\"x\":6,\"y\":3,\"w\":6,\"h\":3}','3'),(3,'Column','{\"x\":0,\"y\":9,\"w\":12,\"h\":3}','2'),(3,'Corrent-Consumption','{\"name\":\"Current Energy Consumption\",\"earn\":\"4,42,236\",\"x\":0,\"y\":0,\"w\":3,\"h\":2}','1'),(3,'Energy-Production','{\"name\":\"Energy Production Today\",\"earn\":\"78,250\",\"x\":3,\"y\":0,\"w\":3,\"h\":2}','1'),(3,'Graphic','{\"w\":6,\"h\":3,\"x\":9,\"y\":8}','5'),(3,'Total-Consumption','{\"name\":\"Total Consumption this year\",\"earn\":\"18,800\",\"x\":6,\"y\":0,\"w\":3,\"h\":2}','1'),(3,'Total-Expenses','{\"name\":\"Expected Expenses (This Month)\",\"earn\":\"$35,078\",\"color\":\"error\",\"x\":9,\"y\":0,\"w\":3,\"h\":2}','1'),(3,'Vertical-Column','{\"x\":6,\"y\":3,\"w\":6,\"h\":3}','3'),(32,'Colors','{\"consumptionColor\":\"#1A237E\",\"productionColor\":\"#F44336\",\"givenEnergyColor\":\"#326273\"}','99'),(32,'Column','{\"x\":0,\"y\":0,\"w\":12,\"h\":3}','2'),(32,'Corrent-Consumption','{\"name\":\"Current Energy Consumption\",\"earn\":\"4,42,236\",\"x\":3,\"y\":3,\"w\":3,\"h\":2}','1'),(32,'Energy-Production','{\"name\":\"Energy Production Today\",\"earn\":\"78,250\",\"x\":6,\"y\":3,\"w\":3,\"h\":2}','1'),(32,'Graphic','{\"x\":6,\"y\":5,\"w\":6,\"h\":3}','5'),(32,'Total-Consumption','{\"name\":\"Total Consumption this year\",\"earn\":\"18,800\",\"x\":9,\"y\":3,\"w\":3,\"h\":2}','1'),(32,'Total-Expenses','{\"name\":\"Expected Expenses (This Month)\",\"earn\":\"$35,078\",\"color\":\"error\",\"x\":0,\"y\":3,\"w\":3,\"h\":2}','1'),(32,'Vertical-Column','{\"x\":0,\"y\":5,\"w\":6,\"h\":3}','3'),(36,'Column','{\"x\":0,\"y\":5,\"w\":12,\"h\":3}','2'),(36,'Corrent-Consumption','{\"name\":\"Current Energy Consumption\",\"earn\":\"4,42,236\",\"x\":0,\"y\":0,\"w\":3,\"h\":2}','1'),(36,'Energy-Production','{\"name\":\"Energy Production Today\",\"earn\":\"78,250\",\"x\":3,\"y\":0,\"w\":3,\"h\":2}','1'),(36,'Graphic','{\"x\":0,\"y\":2,\"w\":6,\"h\":3}','5'),(36,'Total-Consumption','{\"name\":\"Total Consumption this year\",\"earn\":\"18,800\",\"x\":6,\"y\":0,\"w\":3,\"h\":2}','1'),(36,'Total-Expenses','{\"name\":\"Expected Expenses (This Month)\",\"earn\":\"$35,078\",\"color\":\"error\",\"x\":9,\"y\":0,\"w\":3,\"h\":2}','1'),(36,'Vertical-Column','{\"x\":6,\"y\":2,\"w\":6,\"h\":3}','3'),(43,'Column','{\"x\":0,\"y\":9,\"w\":12,\"h\":3}','2'),(43,'Corrent-Consumption','{\"name\":\"Current Energy Consumption\",\"earn\":\"4,42,236\",\"x\":0,\"y\":0,\"w\":3,\"h\":2}','1'),(43,'Energy-Production','{\"name\":\"Energy Production Today\",\"earn\":\"78,250\",\"x\":3,\"y\":0,\"w\":3,\"h\":2}','1'),(43,'Graphic','{\"x\":0,\"y\":6,\"w\":6,\"h\":3}','5'),(43,'Total-Consumption','{\"name\":\"Total Consumption this year\",\"earn\":\"18,800\",\"x\":6,\"y\":0,\"w\":3,\"h\":2}','1'),(43,'Total-Expenses','{\"name\":\"Expected Expenses (This Month)\",\"earn\":\"$35,078\",\"color\":\"error\",\"x\":9,\"y\":0,\"w\":3,\"h\":2}','1'),(43,'Vertical-Column','{\"x\":6,\"y\":3,\"w\":6,\"h\":3}','3');
/*!40000 ALTER TABLE `widgets` ENABLE KEYS */;
UNLOCK TABLES;
/*!40103 SET TIME_ZONE=@OLD_TIME_ZONE */;

/*!40101 SET SQL_MODE=@OLD_SQL_MODE */;
/*!40014 SET FOREIGN_KEY_CHECKS=@OLD_FOREIGN_KEY_CHECKS */;
/*!40014 SET UNIQUE_CHECKS=@OLD_UNIQUE_CHECKS */;
/*!40101 SET CHARACTER_SET_CLIENT=@OLD_CHARACTER_SET_CLIENT */;
/*!40101 SET CHARACTER_SET_RESULTS=@OLD_CHARACTER_SET_RESULTS */;
/*!40101 SET COLLATION_CONNECTION=@OLD_COLLATION_CONNECTION */;
/*!40111 SET SQL_NOTES=@OLD_SQL_NOTES */;

-- Dump completed on 2025-06-20  9:46:06
